Workbook
Name _\b: #N/A
Name _\g: #N/A
Name _\n: #N/A
Name __\b: #N/A
Name __\g: #N/A
Name __\n: #N/A
Name ___\a: #REF!
Name ___\a: #REF!
Name ___\a: #REF!
Name ___\a: #REF!
Name ___\a: #REF!
Name ___\a: #REF!
Name ______\a: #REF!
Name ______\a: #REF!
Name ______\a: #REF!
Name ______\a: #REF!
Name ______\a: #REF!
Name ______\a: #REF!
Name ____DAT1: #REF!
Name ____DAT1: #REF!
Name ____DAT1: #REF!
Name ____DAT1: #REF!
Name ____DAT1: #REF!
Name ____DAT10: #REF!
Name ____DAT11: #REF!
Name ____DAT12: #REF!
Name ____DAT13: #REF!
Name ____DAT14: #REF!
Name ____DAT15: #REF!
Name ____DAT16: #REF!
Name ____DAT17: #REF!
Name ____DAT18: #REF!
Name ____DAT19: #REF!
Name ____DAT2: #REF!
Name ____DAT20: #REF!
Name ____DAT3: #REF!
Name ____DAT4: #REF!
Name ____DAT5: #REF!
Name ____DAT6: #REF!
Name ____DAT7: #REF!
Name ____DAT8: #REF!
Name ____DAT9: #REF!
Name ___RSE2: '[1]CMA Addition'!$H$139
Name ___TGL1: #REF!
Name ___TGL2: #REF!
Name __COA08: [5]coa!$E$6:$E$944
Name __DAT1: #REF!
Name __DAT10: #REF!
Name __DAT11: #REF!
Name __DAT12: #REF!
Name __DAT13: #REF!
Name __DAT14: #REF!
Name __DAT15: #REF!
Name __DAT16: #REF!
Name __DAT17: #REF!
Name __DAT18: #REF!
Name __DAT19: #REF!
Name __DAT2: #REF!
Name __DAT20: #REF!
Name __DAT3: #REF!

Sheet KONSOL
A2: Aging Utang Usaha Konsol
D3: 45627 | F3: 45536 | H3: 45444 | J3: 2023 | L3: 2022 | N3: 2021 | P3: 2020
B5: Lancar | D5: ='Summary ISP'!D5+'Summay IAS'!E6 -> 2.9436997e+09 | F5: ='Summary ISP'!F5+'Summay IAS'!G6 -> 7.7670721e+09 | H5: ='Summay IAS'!I6+'Summary ISP'!H5 -> 8.1227284e+09 | J5: ='Hutang Usaha IAS 23'!M164+'Hutang Usaha ISP 2023'!M225 -> 1.1409263e+10 | L5: ='Summary ISP'!L5+'Summay IAS'!M6 -> 21343364113 | N5: ='Summary ISP'!N5+'Summay IAS'!O6 -> 1.6067701e+10 | P5: ='Summary ISP'!P5+'Summay IAS'!Q6 -> 13648880412
B6: 1-30 Hari | D6: ='Summary ISP'!D6+'Summay IAS'!E7 -> 2.2807174e+09 | F6: ='Summary ISP'!F6+'Summay IAS'!G7 -> 2.4155684e+09 | H6: ='Summay IAS'!I7+'Summary ISP'!H6 -> 4.0359602e+09 | J6: ='Hutang Usaha IAS 23'!N164+'Hutang Usaha ISP 2023'!N225 -> 2.1948297e+09 | L6: ='Summary ISP'!L6+'Summay IAS'!M7 -> 3600153738 | N6: ='Summary ISP'!N6+'Summay IAS'!O7 -> 9.536016e+09 | P6: ='Summary ISP'!P6+'Summay IAS'!Q7 -> 2376774695
B7: 31-60 Hari | D7: ='Summary ISP'!D7+'Summay IAS'!E8 -> 1073353781 | F7: ='Summary ISP'!F7+'Summay IAS'!G8 -> 198335036 | H7: ='Summay IAS'!I8+'Summary ISP'!H7 -> 682156919 | J7: ='Hutang Usaha IAS 23'!O164+'Hutang Usaha ISP 2023'!O225 -> 835729636 | L7: ='Summary ISP'!L7+'Summay IAS'!M8 -> 1960441734 | N7: ='Summary ISP'!N7+'Summay IAS'!O8 -> 1066105902 | P7: ='Summary ISP'!P7+'Summay IAS'!Q8 -> 1327345930
B8: 61-90 Hari | D8: ='Summary ISP'!D8+'Summay IAS'!E9 -> 92483018 | F8: ='Summary ISP'!F8+'Summay IAS'!G9 -> 90386309 | H8: ='Summay IAS'!I9+'Summary ISP'!H8 -> 140700000 | J8: ='Hutang Usaha IAS 23'!P164+'Hutang Usaha ISP 2023'!P225 -> 625732392 | L8: ='Summary ISP'!L8+'Summay IAS'!M9 -> 1335608520 | N8: ='Summary ISP'!N8+'Summay IAS'!O9 -> 1161585758 | P8: ='Summary ISP'!P8+'Summay IAS'!Q9 -> 641088591 | R8: Utang Pph 28 A (IAS)
B9: > 90 Hari | D9: ='Summary ISP'!D9+'Summay IAS'!E10 -> 222607955 | F9: ='Summary ISP'!F9+'Summay IAS'!G10 -> 1.7373273e+08 | H9: ='Summay IAS'!I10+'Summary ISP'!H9 -> 1.2047462e+09 | J9: ='Hutang Usaha IAS 23'!Q164+'Hutang Usaha ISP 2023'!Q225+R9 -> 5.342346e+09 | L9: ='Summary ISP'!L9+'Summay IAS'!M10 -> 1524723595 | N9: ='Summary ISP'!N9+'Summay IAS'!O10 -> 7.8155146e+08 | P9: ='Summary ISP'!P9+'Summay IAS'!Q10 -> 143873935 | R9: 451584604
D11: =SUM(D5:D9) -> 6.6128619e+09 | F11: =SUM(F5:F9) -> 1.0645095e+10 | H11: =SUM(H5:H9) -> 1.4186292e+10 | J11: =SUM(J5:J9) -> 2.0407901e+10 | L11: =SUM(L5:L9) -> 29764291700 | N11: =SUM(N5:N9) -> 2.861296e+10 | P11: =SUM(P5:P9) -> 18137963563
F12: 10645094570 | J12: 19956316532
D13: =D11-D12 -> 6.6128619e+09 | F13: =F11-F12 -> -0.16999817 | J13: =J12-J11 -> -4.515846e+08
A15: Aging Piutang Usaha Konsol
D16: =D3 -> 45627 | F16: =F3 -> 45536 | H16: =H3 -> 45444 | J16: 2023 | L16: 2022 | N16: 2021 | P16: 2020
B18: Lancar | D18: ='Summary ISP'!D18+'Summay IAS'!E18 -> 9.2392365e+10 | F18: ='Summary ISP'!F18+'Summay IAS'!G18 -> 3.9695394e+10 | H18: ='Summay IAS'!I18+'Summary ISP'!H18 -> 2.6009582e+10 | J18: ='Piutang IAS 2023'!N27+'Piutang Usaha ISP 2023'!N19 -> 2.141207e+10 | L18: ='Summary ISP'!L18+'Summay IAS'!M18 -> 1.7814611e+10 | N18: ='Summary ISP'!N18+'Summay IAS'!O18 -> 1.8022331e+10 | P18: ='Summary ISP'!P18+'Summay IAS'!Q18 -> 1.2963143e+10
B19: 1-30 Hari | D19: ='Summary ISP'!D19+'Summay IAS'!E19 -> 57064075 | F19: ='Summary ISP'!F19+'Summay IAS'!G19 -> 63909662 | H19: ='Summay IAS'!I19+'Summary ISP'!H19 -> 210888877 | J19: ='Piutang IAS 2023'!O27+'Piutang Usaha ISP 2023'!O19 -> 1.3132425e+08 | L19: ='Summary ISP'!L19+'Summay IAS'!M19 -> 7808151396 | N19: ='Summary ISP'!N19+'Summay IAS'!O19 -> 9038288773 | P19: ='Summary ISP'!P19+'Summay IAS'!Q19 -> 3445391093
B20: 31-60 Hari | D20: ='Summary ISP'!D20+'Summay IAS'!E20 -> 0 | F20: ='Summary ISP'!F20+'Summay IAS'!G20 -> 0 | H20: ='Summay IAS'!I20+'Summary ISP'!H20 -> 42280500 | J20: ='Piutang IAS 2023'!P27+'Piutang Usaha ISP 2023'!P19 -> 0 | L20: ='Summary ISP'!L20+'Summay IAS'!M20 -> 24721078650 | N20: ='Summary ISP'!N20+'Summay IAS'!O20 -> 9104769380 | P20: ='Summary ISP'!P20+'Summay IAS'!Q20 -> 19885079001
B21: 61-90 Hari | D21: ='Summary ISP'!D21+'Summay IAS'!E21 -> 37592200 | F21: ='Summary ISP'!F21+'Summay IAS'!G21 -> 0 | H21: ='Summay IAS'!I21+'Summary ISP'!H21 -> 1.7000768e+08 | J21: ='Piutang IAS 2023'!Q27+'Piutang Usaha ISP 2023'!Q19 -> 0 | L21: ='Summary ISP'!L21+'Summay IAS'!M21 -> 6313862115 | N21: ='Summary ISP'!N21+'Summay IAS'!O21 -> 14206236599 | P21: ='Summary ISP'!P21+'Summay IAS'!Q21 -> 378957063
B22: > 90 Hari | D22: ='Summary ISP'!D22+'Summay IAS'!E22 -> 305037330 | F22: ='Summary ISP'!F22+'Summay IAS'!G22 -> 0 | H22: ='Summay IAS'!I22+'Summary ISP'!H22 -> 1751895969 | J22: ='Piutang Usaha ISP 2023'!R19+'Piutang IAS 2023'!R27 -> 211054410 | L22: ='Summary ISP'!L22+'Summay IAS'!M22 -> 23799994791 | N22: ='Summary ISP'!N22+'Summay IAS'!O22 -> 11603897335 | P22: ='Summary ISP'!P22+'Summay IAS'!Q22 -> 6.5116783e+09
D24: =SUM(D18:D22) -> 9.2792058e+10 | F24: =SUM(F18:F22) -> 3.9759303e+10 | H24: =SUM(H18:H22) -> 2.8184655e+10 | J24: =SUM(J18:J22) -> 2.1754448e+10 | L24: =SUM(L18:L22) -> 8.0457698e+10 | N24: =SUM(N18:N22) -> 6.1975523e+10 | P24: =SUM(P18:P22) -> 43184248010
B25: WBS | F25: 39419408952 | H25: 27762015495 | J25: =21754550980-102746 -> 21754448234
B26: CV Kanian | D26: =D24-D25 -> 9.2792058e+10 | F26: =F24-F25 -> 3.3989448e+08 | H26: =H24-H25 -> 4.2263968e+08 | J26: =J24-J25 -> -0.84999466

Sheet Summary ISP
A2: Aging Utang Usaha
D3: 45627 | F3: 45536 | H3: 45444 | J3: 2023 | L3: 2022 | N3: 2021 | P3: 2020
B5: Lancar | D5: ='Hutang ISP Des 24'!H4 -> 8.8174967e+08 | F5: ='Hutang Usaha ISP Sept 2024'!H$4 -> 4.9834664e+09 | H5: ='Hutang Usaha ISP Juni 2024'!H228 -> 4.5823272e+09 | J5: ='Hutang Usaha ISP 2023'!H279 -> 8.7971075e+09 | L5: ='Hutang Usaha ISP 2022'!H309 -> 18791185975 | N5: ='Hutang Usaha ISP 2021'!H366 -> 1.3487582e+10 | P5: ='Utang Usaha ISP 2020'!K552 -> 7552183808
B6: 1-30 Hari | D6: ='Hutang ISP Des 24'!I4 -> 5.2566013e+08 | F6: ='Hutang Usaha ISP Sept 2024'!I$4 -> 1982303832 | H6: ='Hutang Usaha ISP Juni 2024'!I228 -> 1381916011 | J6: ='Hutang Usaha ISP 2023'!I279 -> 1.3501358e+09 | L6: ='Hutang Usaha ISP 2022'!I309 -> 1424588796 | N6: ='Hutang Usaha ISP 2021'!I366 -> 4.4328274e+09 | P6: ='Utang Usaha ISP 2020'!L552 -> 1169547930
B7: 31-60 Hari | D7: ='Hutang ISP Des 24'!J4 -> 623745086 | F7: ='Hutang Usaha ISP Sept 2024'!J$4 -> 184180750 | H7: ='Hutang Usaha ISP Juni 2024'!J228 -> 147745253 | J7: ='Hutang Usaha ISP 2023'!J279 -> 1.4036498e+09 | L7: ='Hutang Usaha ISP 2022'!J309 -> 392915468 | N7: ='Hutang Usaha ISP 2021'!J366 -> 714613618 | P7: ='Utang Usaha ISP 2020'!M552 -> 265263198
B8: 61-90 Hari | D8: ='Hutang ISP Des 24'!K4 -> 69093320 | F8: ='Hutang Usaha ISP Sept 2024'!K$4 -> 82354849 | H8: ='Hutang Usaha ISP Juni 2024'!K228 -> 140700000 | J8: ='Hutang Usaha ISP 2023'!K279 -> 81175580 | L8: ='Hutang Usaha ISP 2022'!K309 -> 1110656008 | N8: ='Hutang Usaha ISP 2021'!K366 -> 707307780 | P8: ='Utang Usaha ISP 2020'!N552 -> 75373754
B9: > 90 Hari | D9: ='Hutang ISP Des 24'!L4 -> 220877955 | F9: ='Hutang Usaha ISP Sept 2024'!L$4-2.49000072479248 -> 1.5486446e+08 | H9: ='Hutang Usaha ISP Juni 2024'!L228+1.80000019073486 -> 5.5688433e+08 | J9: ='Hutang Usaha ISP 2023'!L279 -> 4.8263521e+09 | L9: ='Hutang Usaha ISP 2022'!L309 -> 1299771083 | N9: ='Hutang Usaha ISP 2021'!L366 -> 4.2055298e+08 | P9: ='Utang Usaha ISP 2020'!O552+52 -> 143873935
D11: =SUM(D5:D9) -> 2.3211262e+09 | F11: =SUM(F5:F9) -> 7387170280 | H11: =SUM(H5:H9) -> 6809572845 | J11: =SUM(J5:J9) -> 1.6458421e+10 | L11: =SUM(L5:L9) -> 23019117330 | N11: =SUM(N5:N9) -> 1.9762883e+10 | P11: =SUM(P5:P9) -> 9206242625
A12: Ctrl WBS | F12: 7387170280 | H12: 6809572845 | J12: =16458420785.62-J11 -> 0 | L12: =23019876420-L11-759090 -> 0 | N12: =19763642459-N11-759090 -> 0.36000061 | P12: =9206242625-P11 -> 0
D13: =D11-D12 -> 2.3211262e+09 | F13: =F11-F12 -> 0 | H13: =H11-H12 -> 0
A15: Aging Piutang Usaha
D16: =D3 -> 45627 | F16: 45536 | H16: 45444 | J16: 2023 | L16: 2022 | N16: 2021 | P16: 2020
B18: Lancar | D18: ='Piutang ISP Des 24'!H4 -> 4.8098656e+10 | F18: ='Piutang ISP Sept 24'!H4 -> 1.5860138e+10 | H18: ='Piutang ISP Juni 24'!H38 -> 1.5075406e+10 | J18: ='Piutang Usaha ISP 2023'!H22 -> 6.3984403e+10 | L18: ='Piutang Usaha 2022'!H59 -> 1.7814611e+10 | N18: ='Piutang Usaha 2021'!H58 -> 1.8022331e+10 | P18: ='Piutang Usaha ISP 2020'!H101 -> 1.2963143e+10
B19: 1-30 Hari | D19: ='Piutang ISP Des 24'!I4 -> 28450775 | F19: ='Piutang ISP Sept 24'!I4-0.239997863769531 -> 28090775 | H19: ='Piutang ISP Juni 24'!I38 -> 22200777 | J19: ='Piutang Usaha ISP 2023'!I22 -> 1.2542766e+09 | L19: ='Piutang Usaha 2022'!I59 -> 1884240300 | N19: ='Piutang Usaha 2021'!I58 -> 222013407 | P19: ='Piutang Usaha ISP 2020'!I101 -> 656469141
B20: 31-60 Hari | D20: ='Piutang ISP Des 24'!J4 -> 0 | H20: ='Piutang ISP Juni 24'!J38 -> 11760000 | J20: ='Piutang Usaha ISP 2023'!J22 -> 0 | L20: ='Piutang Usaha 2022'!J59 -> 0 | N20: ='Piutang Usaha 2021'!J58 -> 232475433 | P20: ='Piutang Usaha ISP 2020'!J101 -> 0
B21: 61-90 Hari | D21: ='Piutang ISP Des 24'!K4 -> 12560000 | H21: ='Piutang ISP Juni 24'!K38 -> 0 | J21: ='Piutang Usaha ISP 2023'!K22 -> 1.5016481e+09 | L21: ='Piutang Usaha 2022'!K59 -> 0 | N21: ='Piutang Usaha 2021'!K58 -> 0 | P21: ='Piutang Usaha ISP 2020'!K101 -> 0
B22: > 90 Hari | D22: ='Piutang ISP Des 24'!L4 -> 0 | H22: ='Piutang ISP Juni 24'!L38 -> 1751895969 | J22: ='Piutang Usaha ISP 2023'!L22 -> 3.5018697e+09 | L22: ='Piutang Usaha 2022'!L59 -> 9061414092 | N22: ='Piutang Usaha 2021'!L58 -> 6510500000 | P22: ='Piutang Usaha ISP 2020'!L101-5.08 -> 6.5116783e+09
D24: =SUM(D18:D22) -> 4.8139666e+10 | F24: =SUM(F18:F22) -> 1.5888229e+10 | H24: =SUM(H18:H22) -> 1.6861263e+10 | J24: =SUM(J18:J22) -> 7.0242197e+10 | L24: =SUM(L18:L22) -> 2.8760266e+10 | N24: =SUM(N18:N22) -> 2.4987319e+10 | P24: =SUM(P18:P22) -> 20131289994
F25: 1.5888229e+10
A26: Ctrl WBS | D26: =D24-D25 -> 4.8139666e+10 | F26: =F24-F25 -> 0 | J26: =70242197387-J24 -> -1.2800446 | L26: =28760265833.56-L24 -> 0 | N26: =24987319485.2-N24 -> 0 | P26: =20131289994 -P24 -> 0

Sheet Summay IAS
B3: Aging Utang Usaha
E4: 45627 | G4: 45536 | I4: 45444 | K4: 2023 | M4: 2022 | O4: 2021 | Q4: 2020
C6: Lancar | E6: ='Hutang IAS Des 24'!H4 -> 2061950055 | G6: ='Hutang IAS Sept 24'!H4 -> 2.7836057e+09 | I6: ='Hutang Usaha IAS Juni 24'!H126 -> 3.5404012e+09 | K6: ='Hutang Usaha IAS 23'!H228 -> 6.2904413e+10 | M6: 2552178138 | O6: 2580119628 | Q6: 6096696604
C7: 1-30 Hari | E7: ='Hutang IAS Des 24'!I4 -> 1.7550573e+09 | G7: ='Hutang IAS Sept 24'!I$4 -> 4.332646e+08 | I7: ='Hutang Usaha IAS Juni 24'!I126 -> 2.6540442e+09 | K7: ='Hutang Usaha IAS 23'!I228 -> 2.5693704e+09 | M7: 2175564942 | O7: 5103188666 | Q7: 1207226765
C8: 31-60 Hari | E8: ='Hutang IAS Des 24'!J4 -> 449608695 | G8: ='Hutang IAS Sept 24'!J$4 -> 14154286 | I8: ='Hutang Usaha IAS Juni 24'!J126 -> 534411666 | K8: ='Hutang Usaha IAS 23'!J228 -> 756696191 | M8: 1567526266 | O8: 351492284 | Q8: 1062082732
C9: 61-90 Hari | E9: ='Hutang IAS Des 24'!K4 -> 23389698 | G9: ='Hutang IAS Sept 24'!K$4 -> 8031460 | I9: ='Hutang Usaha IAS Juni 24'!K126 -> 0 | K9: ='Hutang Usaha IAS 23'!K228 -> 2.0462049e+09 | M9: 224952512 | O9: 454277978 | Q9: 565714837
C10: > 90 Hari | E10: ='Hutang IAS Des 24'!L4 -> 1730000 | G10: ='Hutang IAS Sept 24'!L$4+0.100000381469727 -> 18868270 | I10: ='Hutang Usaha IAS Juni 24'!L126 -> 647861889 | K10: ='Hutang Usaha IAS 23'!L228 -> 5.8189221e+09 | M10: 224952512 | O10: 360998482 | Q10: 0
E12: =SUM(E6:E10) -> 4.2917358e+09 | G12: =SUM(G6:G10) -> 3.2579243e+09 | I12: =SUM(I6:I10) -> 7.3767189e+09 | K12: =SUM(K6:K10) -> 7.4095606e+10 | M12: =SUM(M6:M10) -> 6745174370 | O12: =SUM(O6:O10) -> 8850077038 | Q12: =SUM(Q6:Q10) -> 8931720938
G13: =3257924291-1 -> 3257924290
E14: =E12-E13 -> 4.2917358e+09 | G14: =G12-G13 -> -0.17000008
B15: Aging Piutang Usaha
E16: =E4 -> 45627 | G16: 45536 | I16: 45444 | K16: 2023 | M16: 2022 | O16: 2021 | Q16: 2020
C18: Lancar | E18: ='Piutang IAS Des 24'!H4 -> 4.4293709e+10 | G18: ='Piutang IAS Sept 24'!H4+0.5 -> 23835255708 | I18: ='Piutang IAS Juni 24'!H47 -> 10934175830 | K18: ='Piutang IAS 2023'!H80 -> 1.7719923e+10 | M18: 0 | O18: 0 | Q18: ='Piutang Usaha ISP 2020'!I102 -> 0
C19: 1-30 Hari | E19: ='Piutang IAS Des 24'!I4 -> 28613300 | G19: ='Piutang IAS Sept 24'!I4 -> 35818887 | I19: ='Piutang IAS Juni 24'!I47 -> 188688100 | K19: ='Piutang IAS 2023'!I80 -> 6.0172413e+08 | M19: 5923911096 | O19: 8816275366 | Q19: 2788921952
C20: 31-60 Hari | E20: ='Piutang IAS Des 24'!J4 -> 0 | G20: ='Piutang IAS Sept 24'!J4 -> 0 | I20: ='Piutang IAS Juni 24'!J47 -> 30520500 | K20: ='Piutang IAS 2023'!J80 -> 1.3246163e+09 | M20: 24721078650 | O20: 8872293947 | Q20: 19885079001
C21: 61-90 Hari | E21: ='Piutang IAS Des 24'!K4 -> 25032200 | G21: ='Piutang IAS Sept 24'!K4 -> 0 | I21: ='Piutang IAS Juni 24'!K47 -> 1.7000768e+08 | K21: ='Piutang IAS 2023'!K80 -> 0 | M21: 6313862115 | O21: 14206236599 | Q21: 378957063
C22: > 90 Hari | E22: ='Piutang IAS Des 24'!L4 -> 305037330 | G22: ='Piutang IAS Sept 24'!L4 -> 0 | I22: ='Piutang IAS Juni 24'!L47 -> 0 | K22: ='Piutang IAS 2023'!L80 -> 2.4636975e+09 | M22: 14738580699 | O22: 5093397335 | Q22: 0
E24: =SUM(E18:E22) -> 4.4652392e+10 | G24: =SUM(G18:G22) -> 23871074595 | I24: =SUM(I18:I22) -> 1.1323392e+10 | K24: =SUM(K18:K22) -> 2.2109961e+10 | M24: =SUM(M18:M22) -> 51697432560 | O24: =SUM(O18:O22) -> 36988203247 | Q24: =SUM(Q18:Q22) -> 23052958016
G25: 23871074595 | I25: 11323392105
E26: =E24-E25 -> 4.4652392e+10 | G26: =G24-G25 -> 0 | I26: =I24-I25 -> 0.42000008

Sheet Hutang IAS Des 24
A1: Aging Hutang Usaha & Subsequent | B1: =SUM(B3:B4)-B2 -> 0
A2: PT Indo American Seafoods | B2: 4.2917358e+09 | C2: WBS
A3: 45657
B4: =SUBTOTAL(9,B6:B105) -> 4.2917358e+09 | H4: =SUBTOTAL(9,H6:H105) -> 2061950055 | I4: =SUBTOTAL(9,I6:I105) -> 1.7550573e+09 | J4: =SUBTOTAL(9,J6:J105) -> 449608695 | K4: =SUBTOTAL(9,K6:K105) -> 23389698 | L4: =SUBTOTAL(9,L6:L105) -> 1730000 | M4: =SUM(H4:L4)-B4 -> 0
A5: Nama | B5: Nominal | C5: No Invoice | D5: Tgl Invoice | E5: Jatuh Tempo | F5: Tgl Jatuh Tempo | G5: Aging | H5: Lancar | I5: 1-30 Hari | J5: 31-60 Hari | K5: 61-90 Hari | L5: >90 Hari
A6: PT Anesta Agung | B6: 284103154 | C6: 1048 | D6: 45649 | E6: 30 | F6: =D6+E6 -> 45679 | G6: =$A$3-F6 -> -22 | H6: =B6 -> 284103154
A7: PT Anesta Agung | B7: 210298296 | C7: 1057 | D7: 45650 | E7: 30 | F7: =D7+E7 -> 45680 | G7: =$A$3-F7 -> -23 | H7: =B7 -> 210298296
A9: PT Konverta Mitra Abadi | B9: 15717156 | C9: 704 | D9: 45572 | E9: 30 | F9: =D9+E9 -> 45602 | G9: =$A$3-F9 -> 55 | J9: =B9 -> 15717156
A10: PT Konverta Mitra Abadi | B10: 84992700 | C10: 719 | D10: 45577 | E10: 30 | F10: =D10+E10 -> 45607 | G10: =$A$3-F10 -> 50 | J10: =B10 -> 84992700
A11: PT Konverta Mitra Abadi | B11: =1403317+12 -> 1403329 | C11: 738 | D11: 45582 | E11: 30 | F11: =D11+E11 -> 45612 | G11: =$A$3-F11 -> 45 | J11: =B11 -> 1403329
A12: PT Konverta Mitra Abadi | B12: 29592600 | C12: 739 | D12: 45582 | E12: 30 | F12: =D12+E12 -> 45612 | G12: =$A$3-F12 -> 45 | J12: =B12 -> 29592600
A13: PT Konverta Mitra Abadi | B13: 48518100 | C13: 743 | D13: 45584 | E13: 30 | F13: =D13+E13 -> 45614 | G13: =$A$3-F13 -> 43 | J13: =B13 -> 48518100
A14: PT Konverta Mitra Abadi | B14: 2752800 | C14: 744 | D14: 45584 | E14: 30 | F14: =D14+E14 -> 45614 | G14: =$A$3-F14 -> 43 | J14: =B14 -> 2752800
A15: PT Konverta Mitra Abadi | B15: 4129200 | C15: 747 | D15: 45586 | E15: 30 | F15: =D15+E15 -> 45616 | G15: =$A$3-F15 -> 41 | J15: =B15 -> 4129200
A16: PT Konverta Mitra Abadi | B16: 1455432 | C16: 748 | D16: 45586 | E16: 30 | F16: =D16+E16 -> 45616 | G16: =$A$3-F16 -> 41 | J16: =B16 -> 1455432
A17: PT Konverta Mitra Abadi | B17: 46825905 | C17: 760 | D17: 45588 | E17: 30 | F17: =D17+E17 -> 45618 | G17: =$A$3-F17 -> 39 | J17: =B17 -> 46825905
A18: PT Konverta Mitra Abadi | B18: 13382604 | C18: 866 | D18: 45621 | E18: 30 | F18: =D18+E18 -> 45651 | G18: =$A$3-F18 -> 6 | I18: =B18 -> 13382604
A19: PT Konverta Mitra Abadi | B19: 5017477 | C19: 867 | D19: 45621 | E19: 30 | F19: =D19+E19 -> 45651 | G19: =$A$3-F19 -> 6 | I19: =B19 -> 5017477
A20: PT Konverta Mitra Abadi | B20: 8559432 | C20: 868 | D20: 45621 | E20: 30 | F20: =D20+E20 -> 45651 | G20: =$A$3-F20 -> 6 | I20: =B20 -> 8559432
A21: PT Konverta Mitra Abadi | B21: 5839809.9 | C21: 869 | D21: 45621 | E21: 30 | F21: =D21+E21 -> 45651 | G21: =$A$3-F21 -> 6 | I21: =B21 -> 5839809.9
A22: PT Konverta Mitra Abadi | B22: 4856250 | C22: 870 | D22: 45621 | E22: 30 | F22: =D22+E22 -> 45651 | G22: =$A$3-F22 -> 6 | I22: =B22 -> 4856250
A23: PT Konverta Mitra Abadi | B23: 4944184 | C23: 871 | D23: 45621 | E23: 30 | F23: =D23+E23 -> 45651 | G23: =$A$3-F23 -> 6 | I23: =B23 -> 4944184
A24: PT Konverta Mitra Abadi | B24: 2593670 | C24: 895 | D24: 45631 | E24: 30 | F24: =D24+E24 -> 45661 | G24: =$A$3-F24 -> -4 | H24: =B24 -> 2593670
A25: PT Konverta Mitra Abadi | B25: 47416980 | C25: 939 | D25: 45655 | E25: 30 | F25: =D25+E25 -> 45685 | G25: =$A$3-F25 -> -28 | H25: =B25 -> 47416980
A26: PT Konverta Mitra Abadi | B26: 5011650 | C26: 940 | D26: 45655 | E26: 30 | F26: =D26+E26 -> 45685 | G26: =$A$3-F26 -> -28 | H26: =B26 -> 5011650
A27: PT Konverta Mitra Abadi | B27: 5137524 | C27: 941 | D27: 45655 | E27: 30 | F27: =D27+E27 -> 45685 | G27: =$A$3-F27 -> -28 | H27: =B27 -> 5137524
A29: PT Sumber Energy | B29: 31635000 | C29: 819 | D29: 45598 | E29: 30 | F29: =D29+E29 -> 45628 | G29: =$A$3-F29 -> 29 | I29: =B29 -> 31635000
A31: PT Indonesia Makan Udang | B31: 263573280 | C31: 991 | D31: 45644 | E31: 30 | F31: =D31+E31 -> 45674 | G31: =$A$3-F31 -> -17 | H31: =B31 -> 263573280
A32: PT Indonesia Makan Udang | B32: 195716165 | C32: 990 | D32: 45644 | E32: 30 | F32: =D32+E32 -> 45674 | G32: =$A$3-F32 -> -17 | H32: =B32 -> 195716165
A33: PT Indonesia Makan Udang | B33: 258146422 | C33: 989 | D33: 45644 | E33: 30 | F33: =D33+E33 -> 45674 | G33: =$A$3-F33 -> -17 | H33: =B33 -> 258146422
A34: PT Indonesia Makan Udang | B34: 97381200 | C34: 948 | D34: 45619 | E34: 30 | F34: =D34+E34 -> 45649 | G34: =$A$3-F34 -> 8 | I34: =B34 -> 97381200
A35: PT Indonesia Makan Udang | B35: 133422750 | C35: 943 | D35: 45618 | E35: 30 | F35: =D35+E35 -> 45648 | G35: =$A$3-F35 -> 9 | I35: =B35 -> 133422750
A36: PT Indonesia Makan Udang | B36: 259527644 | C36: 897 | D36: 45608 | E36: 30 | F36: =D36+E36 -> 45638 | G36: =$A$3-F36 -> 19 | I36: =B36 -> 259527644
A37: PT Indonesia Makan Udang | B37: 369633462 | C37: 851 | D37: 45598 | E37: 30 | F37: =D37+E37 -> 45628 | G37: =$A$3-F37 -> 29 | I37: =B37 -> 369633462
A38: PT Indonesia Makan Udang | B38: 289827482 | C38: 847 | D38: 45597 | E38: 30 | F38: =D38+E38 -> 45627 | G38: =$A$3-F38 -> 30 | I38: =B38 -> 289827482
A39: PT Indonesia Makan Udang | B39: 69901783 | C39: 813 | D39: 45591 | E39: 30 | F39: =D39+E39 -> 45621 | G39: =$A$3-F39 -> 36 | J39: =B39 -> 69901783
A40: PT Indonesia Makan Udang | B40: 132927190 | C40: 805 | D40: 45590 | E40: 30 | F40: =D40+E40 -> 45620 | G40: =$A$3-F40 -> 37 | J40: =B40 -> 132927190
A43: PT Sinergy Indopack Makmur | B43: 23976000 | C43: 859 | D43: 45618 | E43: 30 | F43: =D43+E43 -> 45648 | G43: =$A$3-F43 -> 9 | I43: =B43 -> 23976000
A44: PT Sinergy Indopack Makmur | B44: 23976000 | C44: 860 | D44: 45618 | E44: 30 | F44: =D44+E44 -> 45648 | G44: =$A$3-F44 -> 9 | I44: =B44 -> 23976000
A45: PT Sinergy Indopack Makmur | B45: 11188800 | C45: 908 | D45: 45635 | E45: 30 | F45: =D45+E45 -> 45665 | G45: =$A$3-F45 -> -8 | H45: =B45 -> 11188800
A47: Prima Sari Indotama, PT | B47: 3018928 | C47: 3527 | D47: 45653 | E47: 30 | F47: =D47+E47 -> 45683 | G47: =$A$3-F47 -> -26 | H47: =B47 -> 3018928
A48: Prima Sari Indotama, PT | B48: =2968625-538843 -> 2429782 | C48: 3287 | D48: 45627 | E48: 30 | F48: =D48+E48 -> 45657 | G48: =$A$3-F48 -> 0 | H48: =B48 -> 2429782
A49: Prima Sari Indotama, PT | B49: 26987500 | C49: 3226 | D49: 45624 | E49: 30 | F49: =D49+E49 -> 45654 | G49: =$A$3-F49 -> 3 | I49: =B49 -> 26987500
A51: Sumatraco Langgeng Abadi, PT | B51: 20535000 | C51: 828 | D51: 45610 | E51: 30 | F51: =D51+E51 -> 45640 | G51: =$A$3-F51 -> 17 | I51: =B51 -> 20535000
A53: Nusa Jaya | B53: 1200000 | C53: 637 | D53: 45548 | E53: 30 | F53: =D53+E53 -> 45578 | G53: =$A$3-F53 -> 79 | K53: =B53 -> 1200000
A54: Nusa Jaya | B54: 825000 | C54: 746 | D54: 45586 | E54: 30 | F54: =D54+E54 -> 45616 | G54: =$A$3-F54 -> 41 | J54: =B54 -> 825000
A55: Nusa Jaya | B55: 3363500 | C55: 759 | D55: 45588 | E55: 30 | F55: =D55+E55 -> 45618 | G55: =$A$3-F55 -> 39 | J55: =B55 -> 3363500
A56: Nusa Jaya | B56: 4864000 | C56: 766 | D56: 45589 | E56: 30 | F56: =D56+E56 -> 45619 | G56: =$A$3-F56 -> 38 | J56: =B56 -> 4864000
A57: Nusa Jaya | B57: 2340000 | C57: 776 | D57: 45594 | E57: 30 | F57: =D57+E57 -> 45624 | G57: =$A$3-F57 -> 33 | J57: =B57 -> 2340000
A58: Nusa Jaya | B58: 1600000 | C58: 781 | D58: 45597 | E58: 30 | F58: =D58+E58 -> 45627 | G58: =$A$3-F58 -> 30 | I58: =B58 -> 1600000
A59: Nusa Jaya | B59: =850500-1500 -> 849000 | C59: 793 | D59: 45601 | E59: 30 | F59: =D59+E59 -> 45631 | G59: =$A$3-F59 -> 26 | I59: =B59 -> 849000
A60: Nusa Jaya | B60: 2280000 | C60: 818 | D60: 45608 | E60: 30 | F60: =D60+E60 -> 45638 | G60: =$A$3-F60 -> 19 | I60: =B60 -> 2280000
A61: Nusa Jaya | B61: 640000 | C61: 834 | D61: 45611 | E61: 30 | F61: =D61+E61 -> 45641 | G61: =$A$3-F61 -> 16 | I61: =B61 -> 640000
A62: Nusa Jaya | B62: 1540000 | C62: 835 | D62: 45611 | E62: 30 | F62: =D62+E62 -> 45641 | G62: =$A$3-F62 -> 16 | I62: =B62 -> 1540000
A63: Nusa Jaya | B63: 1600000 | C63: 841 | D63: 45615 | E63: 30 | F63: =D63+E63 -> 45645 | G63: =$A$3-F63 -> 12 | I63: =B63 -> 1600000
A64: Nusa Jaya | B64: 580000 | C64: 842 | D64: 45615 | E64: 30 | F64: =D64+E64 -> 45645 | G64: =$A$3-F64 -> 12 | I64: =B64 -> 580000
A65: Nusa Jaya | B65: 718000 | C65: 844 | D65: 45615 | E65: 30 | F65: =D65+E65 -> 45645 | G65: =$A$3-F65 -> 12 | I65: =B65 -> 718000
A66: Nusa Jaya | B66: 1005000 | C66: 885 | D66: 45626 | E66: 30 | F66: =D66+E66 -> 45656 | G66: =$A$3-F66 -> 1 | I66: =B66 -> 1005000
A67: Nusa Jaya | B67: 1342500 | C67: 892 | D67: 45629 | E67: 30 | F67: =D67+E67 -> 45659 | G67: =$A$3-F67 -> -2 | H67: =B67 -> 1342500
A68: Nusa Jaya | B68: 105000 | C68: 915 | D68: 45637 | E68: 30 | F68: =D68+E68 -> 45667 | G68: =$A$3-F68 -> -10 | H68: =B68 -> 105000
A69: Nusa Jaya | B69: 350000 | C69: 927 | D69: 45643 | E69: 30 | F69: =D69+E69 -> 45673 | G69: =$A$3-F69 -> -16 | H69: =B69 -> 350000
A70: Nusa Jaya | B70: 300000 | C70: 931 | D70: 45646 | E70: 30 | F70: =D70+E70 -> 45676 | G70: =$A$3-F70 -> -19 | H70: =B70 -> 300000
A72: Sumatra Motor Teknindo, PT | B72: 596070 | C72: 956 | D72: 45657 | E72: 30 | F72: =D72+E72 -> 45687 | G72: =$A$3-F72 -> -30 | H72: =B72 -> 596070
A73: Sumatra Motor Teknindo, PT | B73: 188700 | C73: 955 | D73: 45657 | E73: 30 | F73: =D73+E73 -> 45687 | G73: =$A$3-F73 -> -30 | H73: =B73 -> 188700
A74: Sumatra Motor Teknindo, PT | B74: 421800 | C74: 931 | D74: 45643 | E74: 30 | F74: =D74+E74 -> 45673 | G74: =$A$3-F74 -> -16 | H74: =B74 -> 421800
A75: Sumatra Motor Teknindo, PT | B75: 255300 | C75: 922 | D75: 45637 | E75: 30 | F75: =D75+E75 -> 45667 | G75: =$A$3-F75 -> -10 | H75: =B75 -> 255300
A76: Sumatra Motor Teknindo, PT | B76: 16183800 | C76: 890 | D76: 45629 | E76: 30 | F76: =D76+E76 -> 45659 | G76: =$A$3-F76 -> -2 | H76: =B76 -> 16183800
A78: Dinamika Lubsindo Utama, PT | B78: 11094848 | C78: 952 | D78: 45656 | E78: 30 | F78: =D78+E78 -> 45686 | G78: =$A$3-F78 -> -29 | H78: =B78 -> 11094848 | M78: TBC
A79: Dinamika Lubsindo Utama, PT | B79: 11094849 | C79: 812 | D79: 45607 | E79: 30 | F79: =D79+E79 -> 45637 | G79: =$A$3-F79 -> 20 | I79: =B79 -> 11094849
A80: Dinamika Lubsindo Utama, PT | B80: 11094849 | C80: 681 | D80: 45560 | E80: 30 | F80: =D80+E80 -> 45590 | G80: =$A$3-F80 -> 67 | K80: =B80 -> 11094849
A81: Dinamika Lubsindo Utama, PT | B81: 11094849 | C81: 635 | D81: 45547 | E81: 30 | F81: =D81+E81 -> 45577 | G81: =$A$3-F81 -> 80 | K81: =B81 -> 11094849
A84: Maju Tambak Sumur, PT | B84: 1.9958524e+08 | C84: 962 | D84: 45624 | E84: 30 | F84: =D84+E84 -> 45654 | G84: =$A$3-F84 -> 3 | I84: =B84 -> 1.9958524e+08
A86: Indolabel Surya Pratama, PT | B86: 10509480 | C86: 831 | D86: 45611 | E86: 30 | F86: =D86+E86 -> 45641 | G86: =$A$3-F86 -> 16 | I86: =B86 -> 10509480
A87: Indolabel Surya Pratama, PT | B87: 16056150 | C87: 832 | D87: 45611 | E87: 30 | F87: =D87+E87 -> 45641 | G87: =$A$3-F87 -> 16 | I87: =B87 -> 16056150
A88: Indolabel Surya Pratama, PT | B88: 10509480 | C88: 843 | D88: 45615 | E88: 30 | F88: =D88+E88 -> 45645 | G88: =$A$3-F88 -> 12 | I88: =B88 -> 10509480
A89: Indolabel Surya Pratama, PT | B89: 8174040 | C89: 904 | D89: 45633 | E89: 30 | F89: =D89+E89 -> 45663 | G89: =$A$3-F89 -> -6 | H89: =B89 -> 8174040
A90: Indolabel Surya Pratama, PT | B90: 5254740 | C90: 912 | D90: 45637 | E90: 30 | F90: =D90+E90 -> 45667 | G90: =$A$3-F90 -> -10 | H90: =B90 -> 5254740
A91: Indolabel Surya Pratama, PT | B91: 20727030 | C91: 934 | D91: 45650 | E91: 30 | F91: =D91+E91 -> 45680 | G91: =$A$3-F91 -> -23 | H91: =B91 -> 20727030
A93: Mida Trade Ventures Indonesia, PT | B93: 27283556 | C93: 3470 | D93: 45647 | E93: 30 | F93: =D93+E93 -> 45677 | G93: =$A$3-F93 -> -20 | H93: =B93 -> 27283556
A94: Mida Trade Ventures Indonesia, PT | B94: 27551908 | C94: 3520 | D94: 45656 | E94: 30 | F94: =D94+E94 -> 45686 | G94: =$A$3-F94 -> -29 | H94: =B94 -> 27551908
A96: Sion Vannamei Raharja, CV | B96: 333500475 | C96: 983 | D96: 45643 | E96: 30 | F96: =D96+E96 -> 45673 | G96: =$A$3-F96 -> -16 | H96: =B96 -> 333500475
A97: Sion Vannamei Raharja, CV | B97: 315048300 | C97: 988 | D97: 45644 | E97: 30 | F97: =D97+E97 -> 45674 | G97: =$A$3-F97 -> -17 | H97: =B97 -> 315048300
A99: Sri Rejeki, CV | B99: 5993112 | C99: 854 | D99: 45617 | E99: 30 | F99: =D99+E99 -> 45647 | G99: =$A$3-F99 -> 10 | I99: =B99 -> 5993112
A100: Sri Rejeki, CV | B100: 11604107 | C100: 858 | D100: 45618 | E100: 30 | F100: =D100+E100 -> 45648 | G100: =$A$3-F100 -> 9 | I100: =B100 -> 11604107
A101: Sri Rejeki, CV | B101: 5134527 | C101: 879 | D101: 45624 | E101: 30 | F101: =D101+E101 -> 45654 | G101: =$A$3-F101 -> 3 | I101: =B101 -> 5134527
A102: Sri Rejeki, CV | B102: 4937337 | C102: 933 | D102: 45649 | E102: 30 | F102: =D102+E102 -> 45679 | G102: =$A$3-F102 -> -22 | H102: =B102 -> 4937337
A103: Sri Rejeki, CV | B103: 1730000 | C103: 535 | D103: 45348 | E103: 30 | F103: =D103+E103 -> 45378 | G103: =$A$3-F103 -> 279 | L103: =B103 -> 1730000
A105: Lain-lain (masing-masing di bawah Rp 20.000.000) | B105: 154256572 | I105: =B105 -> 154256572

Sheet Piutang IAS Des 24
A1: PT Ind American Seafoods
A2: Aging Piutang Dagang | B2: =B3-B4 -> 0
A3: 45657 | B3: 4.4652392e+10 | D3: WBS | F3: =SUM(B45:B114) -> 8.0796574e+09 | G3: Dengan ISP | H3: =SUBTOTAL(9,H8:H114) -> 4.5770142e+10 | I3: =SUBTOTAL(9,I8:I114) -> 1.5431764e+09 | J3: =SUBTOTAL(9,J8:J114) -> 2.9575242e+08 | K3: =SUBTOTAL(9,K8:K114) -> 625607200 | L3: =SUBTOTAL(9,L8:L114) -> 1.8434506e+09 | M3: =B3+F3-SUM(H3:L3) -> 2.6539202e+09 | N3: Rincian ISP blm ditemukan
B4: =SUM(B8:B43) -> 4.4652392e+10 | G4: Tanpa ISP | H4: =SUM(H8:H43) -> 4.4293709e+10 | I4: =SUM(I8:I43) -> 28613300 | J4: =SUM(J8:J43) -> 0 | K4: =SUM(K8:K43) -> 25032200 | L4: =SUM(L8:L43) -> 305037330 | M4: =SUM(H4:L4)-B4 -> 0
C5: Invoice | G5: AGING
A6: Nama | B6: Nominal | C6: No | D6: Tanggal | E6: Jatuh Tempo | F6: Tanggal Jatuh Tempo | G6: Aging | H6: Lancar | I6: 1-30 Hari | J6: 31-60 Hari | K6: 61-90 Hari | L6: > 90 Hari
A7: Piutang Usaha - IDR
A8: CV Kanian Persada | B8: 35252600 | D8: 45627 | E8: 30 | F8: =D8+E8 -> 45657 | G8: =$A$3-F8 -> 0 | H8: =B8 -> 35252600
A9: CV Kanian Persada | B9: 28613300 | D9: 45597 | E9: 30 | F9: =D9+E9 -> 45627 | G9: =$A$3-F9 -> 30 | I9: =B9 -> 28613300
A10: CV Kanian Persada | B10: 25032200 | D10: 45566 | E10: 30 | F10: =D10+E10 -> 45596 | G10: =$A$3-F10 -> 61 | K10: =B10 -> 25032200
A11: CV Kanian Persada | B11: 26149000 | D11: 45536 | E11: 30 | F11: =D11+E11 -> 45566 | G11: =$A$3-F11 -> 91 | L11: =B11 -> 26149000
A12: CV Kanian Persada | B12: 278888330 | D12: 45505 | E12: 30 | F12: =D12+E12 -> 45535 | G12: =$A$3-F12 -> 122 | L12: =B12 -> 278888330
A14: Piutang Usaha - USD
A16: Censea Inc | B16: =3763011200 -> 3763011200 | C16: CENSEA PO 72073 & 72075 | D16: 45716 | E16: 60 | F16: =D16+E16 -> 45776 | G16: =$A$3-F16 -> -119 | H16: =B16 -> 3763011200
A17: Censea Inc | B17: 2075160429 | C17: CENSEA PO 71246 | D17: 45680 | E17: 60 | F17: =D17+E17 -> 45740 | G17: =$A$3-F17 -> -83 | H17: =B17 -> 2075160429
A18: Censea Inc | B18: 2434889600 | C18: CENSEA PO 71857 | D18: 45680 | E18: 60 | F18: =D18+E18 -> 45740 | G18: =$A$3-F18 -> -83 | H18: =B18 -> 2434889600
A19: Censea Inc | B19: 2054031200 | C19: CENSEA PO 71468 | D19: 45680 | E19: 60 | F19: =D19+E19 -> 45740 | G19: =$A$3-F19 -> -83 | H19: =B19 -> 2054031200
A20: Censea Inc | B20: 1998423576 | C20: CENSEA 72082 | D20: 45680 | E20: 60 | F20: =D20+E20 -> 45740 | G20: =$A$3-F20 -> -83 | H20: =B20 -> 1998423576
A21: Censea Inc | B21: =2400857500-5729640 -> 2395127860 | C21: 084/IAS-EXP | D21: 45646 | E21: 60 | F21: =D21+E21 -> 45706 | G21: =$A$3-F21 -> -49 | H21: =B21 -> 2395127860
A22: Censea Inc | B22: =2133756300-5729640 -> 2128026660 | C22: 085/IAS - EXP | D22: 45656 | E22: 60 | F22: =D22+E22 -> 45716 | G22: =$A$3-F22 -> -59 | H22: =B22 -> 2128026660
A23: Censea Inc | B23: =1923278000-5729640 -> 1917548360 | C23: 086/IAS - EXP | D23: 45657 | E23: 60 | F23: =D23+E23 -> 45717 | G23: =$A$3-F23 -> -60 | H23: =B23 -> 1917548360
A24: Censea Inc | B24: =2383895000-5729640 -> 2378165360 | C24: 089/IAS - EXP | D24: 45657 | E24: 60 | F24: =D24+E24 -> 45717 | G24: =$A$3-F24 -> -60 | H24: =B24 -> 2378165360
A25: Censea Inc | B25: =2054190200-5729640 -> 2048460560 | C25: 090/IAS - EXP | D25: 45657 | E25: 60 | F25: =D25+E25 -> 45717 | G25: =$A$3-F25 -> -60 | H25: =B25 -> 2048460560
A27: Alpha Trading Co. Ltd | B27: 1.8781602e+09 | C27: 087/IAS-EXP | D27: 45657 | E27: 60 | F27: =D27+E27 -> 45717 | G27: =$A$3-F27 -> -60 | H27: =B27 -> 1.8781602e+09
A28: Alpha Trading Co. Ltd | B28: 1310038964 | C28: ALPHA TRADING PO IAS ALT/005 | D28: 45682 | E28: 60 | F28: =D28+E28 -> 45742 | G28: =$A$3-F28 -> -85 | H28: =B28 -> 1310038964
A30: Ael Seafood Enterprises, LLC | B30: 1909174800 | C30: PO 11161 | D30: 45716 | E30: 60 | F30: =D30+E30 -> 45776 | G30: =$A$3-F30 -> -119 | H30: =B30 -> 1909174800
A31: Ael Seafood Enterprises, LLC | B31: 1909174800 | C31: PO 11162 | D31: 45716 | E31: 60 | F31: =D31+E31 -> 45776 | G31: =$A$3-F31 -> -119 | H31: =B31 -> 1909174800
A32: Ael Seafood Enterprises, LLC | B32: 1909174800 | C32: PO 11160 | D32: 45716 | E32: 60 | F32: =D32+E32 -> 45776 | G32: =$A$3-F32 -> -119 | H32: =B32 -> 1909174800
A34: Slade Gorton,,Inc | B34: 2019851600 | C34: NEW PO | D34: 45716 | E34: 60 | F34: =D34+E34 -> 45776 | G34: =$A$3-F34 -> -119 | H34: =B34 -> 2019851600
A36: Yachiyo Corporation | B36: 752163318 | C36: 088/IAS-EXP | D36: 45657 | E36: 60 | F36: =D36+E36 -> 45717 | G36: =$A$3-F36 -> -60 | H36: =B36 -> 752163318
A38: Hohsui Corporation | B38: 1396448248 | C38: NEW PO | D38: 45716 | E38: 60 | F38: =D38+E38 -> 45776 | G38: =$A$3-F38 -> -119 | H38: =B38 -> 1396448248
A40: Ssc Inc Sunnyvale Seafood, | B40: 1859370240 | C40: PO 67592 | D40: 45682 | E40: 60 | F40: =D40+E40 -> 45742 | G40: =$A$3-F40 -> -85 | H40: =B40 -> 1859370240
A41: Ssc Inc Sunnyvale Seafood, | B41: 1827794800 | C41: PO 67591 | D41: 45682 | E41: 60 | F41: =D41+E41 -> 45742 | G41: =$A$3-F41 -> -85 | H41: =B41 -> 1827794800
A42: Ssc Inc Sunnyvale Seafood, | B42: 2047520800 | C42: PO 67736 | D42: 45716 | E42: 60 | F42: =D42+E42 -> 45776 | G42: =$A$3-F42 -> -119 | H42: =B42 -> 2047520800
A43: Ssc Inc Sunnyvale Seafood, | B43: 2246739040 | C43: PO 67807 | D43: 45716 | E43: 60 | F43: =D43+E43 -> 45776 | G43: =$A$3-F43 -> -119 | H43: =B43 -> 2246739040
A45: ISP | B45: =8079657361-SUM(B46:B114) -> 2.6539202e+09
A46: PT Indokom Samudra Persada | B46: 15684827 | C46: 106 | D46: 45328 | E46: 30 | F46: =D46+E46 -> 45358 | G46: =$A$3-F46 -> 299 | L46: =B46 -> 15684827
A47: PT Indokom Samudra Persada | B47: 17212340 | C47: 123 | D47: 45337 | E47: 30 | F47: =D47+E47 -> 45367 | G47: =$A$3-F47 -> 290 | L47: =B47 -> 17212340
A48: PT Indokom Samudra Persada | B48: 5253259.6 | C48: 129 | D48: 45358 | E48: 30 | F48: =D48+E48 -> 45388 | G48: =$A$3-F48 -> 269 | L48: =B48 -> 5253259.6
A49: PT Indokom Samudra Persada | B49: 13964904 | C49: 132 | D49: 45359 | E49: 30 | F49: =D49+E49 -> 45389 | G49: =$A$3-F49 -> 268 | L49: =B49 -> 13964904
A50: PT Indokom Samudra Persada | B50: 1.4978491e+08 | C50: 133 | D50: 45359 | E50: 30 | F50: =D50+E50 -> 45389 | G50: =$A$3-F50 -> 268 | L50: =B50 -> 1.4978491e+08
A51: PT Indokom Samudra Persada | B51: 7563972.8 | C51: 142 | D51: 45363 | E51: 30 | F51: =D51+E51 -> 45393 | G51: =$A$3-F51 -> 264 | L51: =B51 -> 7563972.8
A52: PT Indokom Samudra Persada | B52: 50237588 | C52: 165 | D52: 45369 | E52: 30 | F52: =D52+E52 -> 45399 | G52: =$A$3-F52 -> 258 | L52: =B52 -> 50237588
A53: PT Indokom Samudra Persada | B53: 69871628 | C53: 166 | D53: 45370 | E53: 30 | F53: =D53+E53 -> 45400 | G53: =$A$3-F53 -> 257 | L53: =B53 -> 69871628
A54: PT Indokom Samudra Persada | B54: 1.618199e+08 | C54: 167 | D54: 45370 | E54: 30 | F54: =D54+E54 -> 45400 | G54: =$A$3-F54 -> 257 | L54: =B54 -> 1.618199e+08
A55: PT Indokom Samudra Persada | B55: 1.618199e+08 | C55: 168 | D55: 45370 | E55: 30 | F55: =D55+E55 -> 45400 | G55: =$A$3-F55 -> 257 | L55: =B55 -> 1.618199e+08
A56: PT Indokom Samudra Persada | B56: 39275303 | C56: 171 | D56: 45371 | E56: 30 | F56: =D56+E56 -> 45401 | G56: =$A$3-F56 -> 256 | L56: =B56 -> 39275303
A57: PT Indokom Samudra Persada | B57: 50843861 | C57: 178 | D57: 45373 | E57: 30 | F57: =D57+E57 -> 45403 | G57: =$A$3-F57 -> 254 | L57: =B57 -> 50843861
... A74: PT Indokom Samudra Persada | B74: 15900000 | C74: 589 | D74: 45531 | E74: 30 | F74: =D74+E74 -> 45561 | G74: =$A$3-F74 -> 96 | L74: =B74 -> 15900000
A75: PT Indokom Samudra Persada | B75: 77500000 | C75: 610 | D75: 45539 | E75: 30 | F75: =D75+E75 -> 45569 | G75: =$A$3-F75 -> 88 | K75: =B75 -> 77500000
A76: PT Indokom Samudra Persada | B76: 85250000 | C76: 611 | D76: 45539 | E76: 30 | F76: =D76+E76 -> 45569 | G76: =$A$3-F76 -> 88 | K76: =B76 -> 85250000
A77: PT Indokom Samudra Persada | B77: 108500000 | C77: 615 | D77: 45540 | E77: 30 | F77: =D77+E77 -> 45570 | G77: =$A$3-F77 -> 87 | K77: =B77 -> 108500000
A78: PT Indokom Samudra Persada | B78: 31000000 | C78: 616 | D78: 45540 | E78: 30 | F78: =D78+E78 -> 45570 | G78: =$A$3-F78 -> 87 | K78: =B78 -> 31000000
A79: PT Indokom Samudra Persada | B79: 77500000 | C79: 617 | D79: 45540 | E79: 30 | F79: =D79+E79 -> 45570 | G79: =$A$3-F79 -> 87 | K79: =B79 -> 77500000
A80: PT Indokom Samudra Persada | B80: 62200000 | C80: 618 | D80: 45540 | E80: 30 | F80: =D80+E80 -> 45570 | G80: =$A$3-F80 -> 87 | K80: =B80 -> 62200000
A81: PT Indokom Samudra Persada | B81: 79300000 | C81: 635 | D81: 45548 | E81: 30 | F81: =D81+E81 -> 45578 | G81: =$A$3-F81 -> 79 | K81: =B81 -> 79300000
A82: PT Indokom Samudra Persada | B82: 79325000 | C82: 636 | D82: 45548 | E82: 30 | F82: =D82+E82 -> 45578 | G82: =$A$3-F82 -> 79 | K82: =B82 -> 79325000
A83: PT Indokom Samudra Persada | B83: 1.2488194e+08 | C83: 682 | D83: 45569 | E83: 30 | F83: =D83+E83 -> 45599 | G83: =$A$3-F83 -> 58 | J83: =B83 -> 1.2488194e+08
A84: PT Indokom Samudra Persada | B84: 18376876 | C84: 711 | D84: 45582 | E84: 30 | F84: =D84+E84 -> 45612 | G84: =$A$3-F84 -> 45 | J84: =B84 -> 18376876
A85: PT Indokom Samudra Persada | B85: 57706367 | C85: 714 | D85: 45583 | E85: 30 | F85: =D85+E85 -> 45613 | G85: =$A$3-F85 -> 44 | J85: =B85 -> 57706367
A86: PT Indokom Samudra Persada | B86: 19078839 | C86: 729 | D86: 45590 | E86: 30 | F86: =D86+E86 -> 45620 | G86: =$A$3-F86 -> 37 | J86: =B86 -> 19078839
A87: PT Indokom Samudra Persada | B87: 75708395 | C87: 732 | D87: 45591 | E87: 30 | F87: =D87+E87 -> 45621 | G87: =$A$3-F87 -> 36 | J87: =B87 -> 75708395
A88: PT Indokom Samudra Persada | B88: 1.4929074e+08 | C88: 750 | D88: 45597 | E88: 30 | F88: =D88+E88 -> 45627 | G88: =$A$3-F88 -> 30 | I88: =B88 -> 1.4929074e+08
A89: PT Indokom Samudra Persada | B89: 1.6720725e+08 | C89: 751 | D89: 45597 | E89: 30 | F89: =D89+E89 -> 45627 | G89: =$A$3-F89 -> 30 | I89: =B89 -> 1.6720725e+08
A90: PT Indokom Samudra Persada | B90: 73283676 | C90: 752 | D90: 45597 | E90: 30 | F90: =D90+E90 -> 45627 | G90: =$A$3-F90 -> 30 | I90: =B90 -> 73283676
A91: PT Indokom Samudra Persada | B91: 30957607 | C91: 756 | D91: 45598 | E91: 30 | F91: =D91+E91 -> 45628 | G91: =$A$3-F91 -> 29 | I91: =B91 -> 30957607
A92: PT Indokom Samudra Persada | B92: 4.1748831e+08 | C92: 776 | D92: 45608 | E92: 30 | F92: =D92+E92 -> 45638 | G92: =$A$3-F92 -> 19 | I92: =B92 -> 4.1748831e+08
A93: PT Indokom Samudra Persada | B93: 45873282 | C93: 783 | D93: 45610 | E93: 30 | F93: =D93+E93 -> 45640 | G93: =$A$3-F93 -> 17 | I93: =B93 -> 45873282
A94: PT Indokom Samudra Persada | B94: 52673209 | C94: 789 | D94: 45611 | E94: 30 | F94: =D94+E94 -> 45641 | G94: =$A$3-F94 -> 16 | I94: =B94 -> 52673209
A95: PT Indokom Samudra Persada | B95: 17040476 | C95: 796 | D95: 45614 | E95: 30 | F95: =D95+E95 -> 45644 | G95: =$A$3-F95 -> 13 | I95: =B95 -> 17040476
A96: PT Indokom Samudra Persada | B96: 1.2049826e+08 | C96: 797 | D96: 45614 | E96: 30 | F96: =D96+E96 -> 45644 | G96: =$A$3-F96 -> 13 | I96: =B96 -> 1.2049826e+08
A97: PT Indokom Samudra Persada | B97: 1.5229168e+08 | C97: 808 | D97: 45618 | E97: 30 | F97: =D97+E97 -> 45648 | G97: =$A$3-F97 -> 9 | I97: =B97 -> 1.5229168e+08
A98: PT Indokom Samudra Persada | B98: 1.1501737e+08 | C98: 810 | D98: 45619 | E98: 30 | F98: =D98+E98 -> 45649 | G98: =$A$3-F98 -> 8 | I98: =B98 -> 1.1501737e+08
A99: PT Indokom Samudra Persada | B99: 63408678 | C99: 814 | D99: 45621 | E99: 30 | F99: =D99+E99 -> 45651 | G99: =$A$3-F99 -> 6 | I99: =B99 -> 63408678
A100: PT Indokom Samudra Persada | B100: 1.0953256e+08 | C100: 815 | D100: 45621 | E100: 30 | F100: =D100+E100 -> 45651 | G100: =$A$3-F100 -> 6 | I100: =B100 -> 1.0953256e+08
A101: PT Indokom Samudra Persada | B101: 1.2595773e+08 | C101: 830 | D101: 45628 | E101: 30 | F101: =D101+E101 -> 45658 | G101: =$A$3-F101 -> -1 | H101: =B101 -> 1.2595773e+08
A102: PT Indokom Samudra Persada | B102: 2.6882238e+08 | C102: 853 | D102: 45638 | E102: 30 | F102: =D102+E102 -> 45668 | G102: =$A$3-F102 -> -11 | H102: =B102 -> 2.6882238e+08
A103: PT Indokom Samudra Persada | B103: 85463171 | C103: 859 | D103: 45640 | E103: 30 | F103: =D103+E103 -> 45670 | G103: =$A$3-F103 -> -13 | H103: =B103 -> 85463171
A104: PT Indokom Samudra Persada | B104: 2.4199579e+08 | C104: 861 | D104: 45642 | E104: 30 | F104: =D104+E104 -> 45672 | G104: =$A$3-F104 -> -15 | H104: =B104 -> 2.4199579e+08
A105: PT Indokom Samudra Persada | B105: 2.2967942e+08 | C105: 866 | D105: 45643 | E105: 30 | F105: =D105+E105 -> 45673 | G105: =$A$3-F105 -> -16 | H105: =B105 -> 2.2967942e+08
A106: PT Indokom Samudra Persada | B106: 2.1680054e+08 | C106: 867 | D106: 45643 | E106: 30 | F106: =D106+E106 -> 45673 | G106: =$A$3-F106 -> -16 | H106: =B106 -> 2.1680054e+08
A107: PT Indokom Samudra Persada | B107: 1.5178001e+08 | C107: 868 | D107: 45643 | E107: 30 | F107: =D107+E107 -> 45673 | G107: =$A$3-F107 -> -16 | H107: =B107 -> 1.5178001e+08
A108: PT Indokom Samudra Persada | B108: 53507683 | C108: 873 | D108: 45644 | E108: 30 | F108: =D108+E108 -> 45674 | G108: =$A$3-F108 -> -17 | H108: =B108 -> 53507683
A109: PT Indokom Samudra Persada | B109: 97335311 | C109: 876 | D109: 45645 | E109: 30 | F109: =D109+E109 -> 45675 | G109: =$A$3-F109 -> -18 | H109: =B109 -> 97335311
A110: PT Indokom Samudra Persada | B110: 1155954 | C110: 881 | D110: 45649 | E110: 30 | F110: =D110+E110 -> 45679 | G110: =$A$3-F110 -> -22 | H110: =B110 -> 1155954
A111: PT Indokom Samudra Persada | B111: 1320678 | C111: 883 | D111: 45650 | E111: 30 | F111: =D111+E111 -> 45680 | G111: =$A$3-F111 -> -23 | H111: =B111 -> 1320678
A112: PT Indokom Samudra Persada | B112: 1233210 | C112: 884 | D112: 45651 | E112: 30 | F112: =D112+E112 -> 45681 | G112: =$A$3-F112 -> -24 | H112: =B112 -> 1233210
... A114: PT Indokom Samudra Persada | B114: 480408 | C114: 889 | D114: 45653 | E114: 30 | F114: =D114+E114 -> 45683 | G114: =$A$3-F114 -> -26 | H114: =B114 -> 480408
H115: =SUM(H7:H114) -> 4.5770142e+10 | I115: =SUM(I7:I114) -> 1.5431764e+09 | J115: =SUM(J7:J114) -> 2.9575242e+08 | K115: =SUM(K7:K114) -> 625607200 | L115: =SUM(L7:L114) -> 1.8434506e+09

Sheet Hutang ISP Des 24
A1: Aging Hutang Usaha & Subsequent
A2: PT Indokom Samudra Persada | B2: =B3-B4 -> -0.46000004
A3: 45657 | B3: 2321126163 | C3: WBS
B4: =SUBTOTAL(9,B6:B78) -> 2.3211262e+09 | H4: =SUBTOTAL(9,H6:H78) -> 8.8174967e+08 | I4: =SUBTOTAL(9,I6:I78) -> 5.2566013e+08 | J4: =SUBTOTAL(9,J6:J78) -> 623745086 | K4: =SUBTOTAL(9,K6:K78) -> 69093320 | L4: =SUBTOTAL(9,L6:L78) -> 220877955 | M4: =SUM(H4:L4)-B4 -> 0
A5: Nama | B5: Nominal | C5: No Invoice | D5: Tgl Invoice | E5: Jatuh Tempo | F5: Tgl Jatuh Tempo | G5: Aging | H5: Lancar | I5: 1-30 Hari | J5: 31-60 Hari | K5: 61-90 Hari | L5: >90 Hari
A6: Bapak Cipto | B6: 19544752 | I6: =B6 -> 19544752
A8: AGS Sejahtera, CV, | B8: 22904000 | C8: 18 | D8: 45566 | E8: 30 | F8: =D8+E8 -> 45596 | G8: =$A$3-F8 -> 61 | K8: =B8 -> 22904000
A9: AGS Sejahtera, CV, | B9: 17115800 | C9: 23 | D9: 45640 | E9: 30 | F9: =D9+E9 -> 45670 | G9: =$A$3-F9 -> -13 | H9: =B9 -> 17115800
A11: Halim Sakti Pratama, PT | B11: 13506480 | C11: 36 | D11: 45553 | E11: 30 | F11: =D11+E11 -> 45583 | G11: =$A$3-F11 -> 74 | K11: =B11 -> 13506480
A13: Intiragam Oliefindo, PT | B13: 24975000 | C13: 397 | D13: 45546 | E13: 30 | F13: =D13+E13 -> 45576 | G13: =$A$3-F13 -> 81 | K13: =B13 -> 24975000
A15: Konverta Mitra Abadi, PT | B15: 7707840 | C15: 518 | D15: 45586 | E15: 30 | F15: =D15+E15 -> 45616 | G15: =$A$3-F15 -> 41 | K15: =B15 -> 7707840
A16: Konverta Mitra Abadi, PT | B16: 9145290 | C16: 529 | D16: 45593 | E16: 30 | F16: =D16+E16 -> 45623 | G16: =$A$3-F16 -> 34 | J16: =B16 -> 9145290
A17: Konverta Mitra Abadi, PT | B17: 23742900 | C17: 540 | D17: 45597 | E17: 30 | F17: =D17+E17 -> 45627 | G17: =$A$3-F17 -> 30 | I17: =B17 -> 23742900
A18: Konverta Mitra Abadi, PT | B18: 5505600 | C18: 602 | D18: 45621 | E18: 30 | F18: =D18+E18 -> 45651 | G18: =$A$3-F18 -> 6 | I18: =B18 -> 5505600
A19: Konverta Mitra Abadi, PT | B19: =1340325-408848 -> 931477 | C19: 603 | D19: 45621 | E19: 30 | F19: =D19+E19 -> 45651 | G19: =$A$3-F19 -> 6 | I19: =B19 -> 931477
A20: Konverta Mitra Abadi, PT | B20: 8286705 | C20: 605 | D20: 45621 | E20: 30 | F20: =D20+E20 -> 45651 | G20: =$A$3-F20 -> 6 | I20: =B20 -> 8286705
A21: Konverta Mitra Abadi, PT | B21: 10217938 | C21: 606 | D21: 45621 | E21: 30 | F21: =D21+E21 -> 45651 | G21: =$A$3-F21 -> 6 | I21: =B21 -> 10217938
A22: Konverta Mitra Abadi, PT | B22: 16350566 | C22: 607 | D22: 45621 | E22: 30 | F22: =D22+E22 -> 45651 | G22: =$A$3-F22 -> 6 | I22: =B22 -> 16350566
A23: Konverta Mitra Abadi, PT | B23: 6643350 | C23: 608 | D23: 45621 | E23: 30 | F23: =D23+E23 -> 45651 | G23: =$A$3-F23 -> 6 | I23: =B23 -> 6643350
A24: Konverta Mitra Abadi, PT | B24: 8974350 | C24: 609 | D24: 45621 | E24: 30 | F24: =D24+E24 -> 45651 | G24: =$A$3-F24 -> 6 | I24: =B24 -> 8974350
A25: Konverta Mitra Abadi, PT | B25: 8974350 | C25: 610 | D25: 45621 | E25: 30 | F25: =D25+E25 -> 45651 | G25: =$A$3-F25 -> 6 | I25: =B25 -> 8974350
A26: Konverta Mitra Abadi, PT | B26: 3869404 | C26: 611 | D26: 45621 | E26: 30 | F26: =D26+E26 -> 45651 | G26: =$A$3-F26 -> 6 | I26: =B26 -> 3869404
A27: Konverta Mitra Abadi, PT | B27: 8602500 | C27: 616 | D27: 45624 | E27: 30 | F27: =D27+E27 -> 45654 | G27: =$A$3-F27 -> 3 | I27: =B27 -> 8602500
A28: Konverta Mitra Abadi, PT | B28: 6959700 | C28: 620 | D28: 45628 | E28: 30 | F28: =D28+E28 -> 45658 | G28: =$A$3-F28 -> -1 | H28: =B28 -> 6959700
A29: Konverta Mitra Abadi, PT | B29: 23742900 | C29: 654 | D29: 45639 | E29: 30 | F29: =D29+E29 -> 45669 | G29: =$A$3-F29 -> -12 | H29: =B29 -> 23742900
A30: Konverta Mitra Abadi, PT | B30: 7776660 | C30: 655 | D30: 45639 | E30: 30 | F30: =D30+E30 -> 45669 | G30: =$A$3-F30 -> -12 | H30: =B30 -> 7776660
A31: Konverta Mitra Abadi, PT | B31: 2408700 | C31: 656 | D31: 45639 | E31: 30 | F31: =D31+E31 -> 45669 | G31: =$A$3-F31 -> -12 | H31: =B31 -> 2408700
A32: Konverta Mitra Abadi, PT | B32: 2381172 | C32: 658 | D32: 45639 | E32: 30 | F32: =D32+E32 -> 45669 | G32: =$A$3-F32 -> -12 | H32: =B32 -> 2381172
A33: Konverta Mitra Abadi, PT | B33: 2340990 | C33: 659 | D33: 45639 | E33: 30 | F33: =D33+E33 -> 45669 | G33: =$A$3-F33 -> -12 | H33: =B33 -> 2340990
A35: Lima Pendawa, CV | B35: 22200000 | C35: 657 | D35: 45639 | E35: 30 | F35: =D35+E35 -> 45669 | G35: =$A$3-F35 -> -12 | H35: =B35 -> 22200000
A37: Seven Mountain Internasional, PT | B37: 13098000 | C37: 601 | D37: 45621 | E37: 30 | F37: =D37+E37 -> 45651 | G37: =$A$3-F37 -> 6 | I37: =B37 -> 13098000
A38: Seven Mountain Internasional, PT | B38: 16761000 | C38: 664 | D38: 45642 | E38: 30 | F38: =D38+E38 -> 45672 | G38: =$A$3-F38 -> -15 | H38: =B38 -> 16761000
A40: Sinar Setia Mulia , PT | B40: 13470000 | C40: 43 | D40: 45604 | E40: 30 | F40: =D40+E40 -> 45634 | G40: =$A$3-F40 -> 23 | I40: =B40 -> 13470000
A41: Sinar Setia Mulia , PT | B41: 960000 | C41: 44 | D41: 45604 | E41: 30 | F41: =D41+E41 -> 45634 | G41: =$A$3-F41 -> 23 | I41: =B41 -> 960000
A42: Sinar Setia Mulia , PT | B42: 40800000 | C42: 46 | D42: 45611 | E42: 30 | F42: =D42+E42 -> 45641 | G42: =$A$3-F42 -> 16 | I42: =B42 -> 40800000
A44: Sumber Energy, PT | B44: 31635000 | C44: 579 | D44: 45614 | E44: 30 | F44: =D44+E44 -> 45644 | G44: =$A$3-F44 -> 13 | I44: =B44 -> 31635000
A46: Prima Larvae, PT | B46: 25704000 | C46: 575 | D46: 45637 | E46: 30 | F46: =D46+E46 -> 45667 | G46: =$A$3-F46 -> -10 | H46: =B46 -> 25704000
A47: Prima Larvae, PT | B47: 28800000 | C47: 607 | D47: 45656 | E47: 30 | F47: =D47+E47 -> 45686 | G47: =$A$3-F47 -> -29 | H47: =B47 -> 28800000
A49: Sumatra Motor Teknindo, PT | B49: 34791785 | I49: =B49 -> 34791785
A51: International Packaging M, (IPM), PT | B51: 971250 | L51: =B51 -> 971250 | M51: Info Manajemen angka ini sudah sesuai untuk LK 24 (04.02.2025)
A53: SUMBERDAYA SINAR BARU, PT | B53: 21612870 | C53: 618 | D53: 45657 | E53: 30 | F53: =D53+E53 -> 45687 | G53: =$A$3-F53 -> -30 | H53: =B53 -> 21612870
A54: SUMBERDAYA SINAR BARU, PT | B54: 12076100 | C54: 617 | D54: 45657 | E54: 30 | F54: =D54+E54 -> 45687 | G54: =$A$3-F54 -> -30 | H54: =B54 -> 12076100
A55: SUMBERDAYA SINAR BARU, PT | B55: 21677040 | C55: 567 | D55: 45629 | E55: 30 | F55: =D55+E55 -> 45659 | G55: =$A$3-F55 -> -2 | H55: =B55 -> 21677040
A57: Voltric Jaya Mandiri, PT | B57: 5716500 | C57: 480 | D57: 45575 | E57: 30 | F57: =D57+E57 -> 45605 | G57: =$A$3-F57 -> 52 | J57: =B57 -> 5716500
A58: Voltric Jaya Mandiri, PT | B58: 610500 | C58: 42 | D58: 45597 | E58: 30 | F58: =D58+E58 -> 45627 | G58: =$A$3-F58 -> 30 | I58: =B58 -> 610500
A59: Voltric Jaya Mandiri, PT | B59: 15651000 | C59: 538 | D59: 45597 | E59: 30 | F59: =D59+E59 -> 45627 | G59: =$A$3-F59 -> 30 | I59: =B59 -> 15651000
A61: Suranto | B61: 61090000 | C61: 599 | D61: 45650 | E61: 30 | F61: =D61+E61 -> 45680 | G61: =$A$3-F61 -> -23 | H61: =B61 -> 61090000
A63: Anesta Agung, PT | B63: 262620170 | C63: 633 | D63: 45652 | E63: 30 | F63: =D63+E63 -> 45682 | G63: =$A$3-F63 -> -25 | H63: =B63 -> 262620170
A64: Anesta Agung, PT | B64: 135545234 | C64: 626 | D64: 45650 | E64: 30 | F64: =D64+E64 -> 45680 | G64: =$A$3-F64 -> -23 | H64: =B64 -> 135545234
A66: Delos Rantai Maritim PT | B66: 2102768.2 | C66: 3379 | D66: 45632 | E66: 30 | F66: =D66+E66 -> 45662 | G66: =$A$3-F66 -> -5 | H66: =B66 -> 2102768.2
A68: Indonesia Makan Udang PT | B68: 208834566 | C68: 593 | D68: 45638 | E68: 30 | F68: =D68+E68 -> 45668 | G68: =$A$3-F68 -> -11 | H68: =B68 -> 208834566
A69: Indonesia Makan Udang PT | B69: 80983867 | C69: 522 | D69: 45593 | E69: 30 | F69: =D69+E69 -> 45623 | G69: =$A$3-F69 -> 34 | J69: =B69 -> 80983867
A70: Indonesia Makan Udang PT | B70: 214996197 | C70: 520 | D70: 45593 | E70: 30 | F70: =D70+E70 -> 45623 | G70: =$A$3-F70 -> 34 | J70: =B70 -> 214996197
A71: Indonesia Makan Udang PT | B71: 70068807 | C71: 516 | D71: 45591 | E71: 30 | F71: =D71+E71 -> 45621 | G71: =$A$3-F71 -> 36 | J71: =B71 -> 70068807
A72: Indonesia Makan Udang PT | B72: 242834425 | C72: 511 | D72: 45590 | E72: 30 | F72: =D72+E72 -> 45620 | G72: =$A$3-F72 -> 37 | J72: =B72 -> 242834425
A74: Multidaya Teknologi Nusantara PT | B74: 210906705 | L74: =B74 -> 210906705 | M74: Info Manajemen angka ini sudah sesuai untuk LK 24 - per 2025 sudah mulai dicicil dan akan selesai (04.02.2025)
A76: Nutritek Pratama Indonesia, PT | B76: 9000000 | L76: =B76 -> 9000000 | M76: Info Manajemen angka ini sudah sesuai untuk LK 24 (04.02.2025)
A78: Lain-lain (masing-masing di bawah Rp 20.000.000) | B78: =252999942+13 -> 252999955 | I78: =B78 -> 252999955
A81: PT Indo American Seafoods | B81: =8079657361-SUM(B82:B150) -> 2.6539202e+09
A82: PT Indo American Seafoods | B82: 15684827 | C82: 22 | D82: 45328 | E82: 30
A83: PT Indo American Seafoods | B83: 17212340 | C83: 23 | D83: 45337 | E83: 30
A84: PT Indo American Seafoods | B84: 5253259.6 | C84: 24 | D84: 45358 | E84: 30
A85: PT Indo American Seafoods | B85: 13964904 | C85: 35 | D85: 45359 | E85: 30
A86: PT Indo American Seafoods | B86: 1.4978491e+08 | C86: 26 | D86: 45359 | E86: 30
A87: PT Indo American Seafoods | B87: 7563972.8 | C87: 27 | D87: 45363 | E87: 30
A88: PT Indo American Seafoods | B88: 50237588 | C88: 28 | D88: 45369 | E88: 30
A89: PT Indo American Seafoods | B89: 69871628 | C89: 31 | D89: 45370 | E89: 30
A90: PT Indo American Seafoods | B90: 1.618199e+08 | C90: 29 | D90: 45370 | E90: 30
A91: PT Indo American Seafoods | B91: 1.618199e+08 | C91: 30 | D91: 45370 | E91: 30
A92: PT Indo American Seafoods | B92: 39275303 | C92: 32 | D92: 45371 | E92: 30
A93: PT Indo American Seafoods | B93: 50843861 | C93: 33 | D93: 45373 | E93: 30
... A95: PT Indo American Seafoods | B95: 32465954 | C95: 75 | D95: 45474 | E95: 30
A96: PT Indo American Seafoods | B96: 52470000 | D96: 45518 | E96: 30
A97: PT Indo American Seafoods | B97: 31700000 | D97: 45518 | E97: 30
A98: PT Indo American Seafoods | B98: 31700000 | D98: 45518 | E98: 30
A99: PT Indo American Seafoods | B99: 31700000 | D99: 45518 | E99: 30
A100: PT Indo American Seafoods | B100: 77500000 | D100: 45518 | E100: 30
A101: PT Indo American Seafoods | B101: 46500000 | D101: 45520 | E101: 30
A102: PT Indo American Seafoods | B102: 62000000 | D102: 45520 | E102: 30
A103: PT Indo American Seafoods | B103: 39125000 | D103: 45527 | E103: 30
A104: PT Indo American Seafoods | B104: 77500000 | D104: 45530 | E104: 30
A105: PT Indo American Seafoods | B105: 77500000 | D105: 45530 | E105: 30
A106: PT Indo American Seafoods | B106: 38950000 | D106: 45530 | E106: 30
A107: PT Indo American Seafoods | B107: 63600000 | D107: 45530 | E107: 30
... A118: PT Indo American Seafoods | B118: 79325000 | D118: 45548 | E118: 30
A119: PT Indo American Seafoods | B119: 1.2488194e+08 | C119: 95 | D119: 45569 | E119: 30
A120: PT Indo American Seafoods | B120: 18376876 | C120: 96 | D120: 45582 | E120: 30
A121: PT Indo American Seafoods | B121: 57706367 | C121: 97 | D121: 45583 | E121: 30
A122: PT Indo American Seafoods | B122: 19078839 | C122: 98 | D122: 45590 | E122: 30
A123: PT Indo American Seafoods | B123: 75708395 | C123: 99 | D123: 45591 | E123: 30
A124: PT Indo American Seafoods | B124: 1.4929074e+08 | C124: 102 | D124: 45597 | E124: 30
A125: PT Indo American Seafoods | B125: 1.6720725e+08 | C125: 101 | D125: 45597 | E125: 30
A126: PT Indo American Seafoods | B126: 73283676 | C126: 100 | D126: 45597 | E126: 30
A127: PT Indo American Seafoods | B127: 30957607 | C127: 103 | D127: 45598 | E127: 30
A128: PT Indo American Seafoods | B128: 4.1748831e+08 | C128: 104 | D128: 45608 | E128: 30
A129: PT Indo American Seafoods | B129: 45873282 | C129: 105 | D129: 45610 | E129: 30
A130: PT Indo American Seafoods | B130: 52673209 | C130: 106 | D130: 45611 | E130: 30
... A145: PT Indo American Seafoods | B145: 97335311 | C145: 122 | D145: 45645 | E145: 30
A146: PT Indo American Seafoods | B146: 1155954 | D146: 45649 | E146: 30
A147: PT Indo American Seafoods | B147: 1320678 | D147: 45650 | E147: 30
...

Sheet Piutang ISP Des 24
A1: PT Indokom Samudra Persada
A2: Aging Piutang Dagang | B2: =B4-B3 -> -0.0019836426
A3: 45657 | B3: 4.8139666e+10
B4: =SUM(B8:B54) -> 4.8139666e+10 | H4: =SUM(H8:H54) -> 4.8098656e+10 | I4: =SUM(I8:I54) -> 28450775 | J4: =SUM(J8:J54) -> 0 | K4: =SUM(K8:K54) -> 12560000 | L4: =SUM(L8:L54) -> 0
C5: Invoice | G5: AGING
A6: Nama | B6: Nominal | C6: No | D6: Tanggal | E6: Jatuh Tempo | F6: Tanggal Jatuh Tempo | G6: Aging | H6: Lancar | I6: 1-30 Hari | J6: 31-60 Hari | K6: 61-90 Hari | L6: > 90 Hari
A7: Piutang Usaha - IDR
A8: PT Maju Tambak Sumur Es | B8: 2100000 | C8: 2259 | D8: 45633 | E8: 30 | F8: =D8+E8 -> 45663 | G8: =$A$3-F8 -> -6 | H8: =B8 -> 2100000
A9: PT Maju Tambak Sumur Es | B9: 3360000 | C9: 2261 | D9: 45633 | E9: 30 | F9: =D9+E9 -> 45663 | G9: =$A$3-F9 -> -6 | H9: =B9 -> 3360000
A10: PT Maju Tambak Sumur Es | B10: 3360000 | C10: 2265 | D10: 45634 | E10: 30 | F10: =D10+E10 -> 45664 | G10: =$A$3-F10 -> -7 | H10: =B10 -> 3360000
A11: PT Maju Tambak Sumur Es | B11: 1680000 | C11: 2266 | D11: 45635 | E11: 30 | F11: =D11+E11 -> 45665 | G11: =$A$3-F11 -> -8 | H11: =B11 -> 1680000
A12: PT Maju Tambak Sumur Es | B12: 1680000 | C12: 2271 | D12: 45635 | E12: 30 | F12: =D12+E12 -> 45665 | G12: =$A$3-F12 -> -8 | H12: =B12 -> 1680000
A13: PT Maju Tambak Sumur Es | B13: 1680000 | C13: 2302 | D13: 45642 | E13: 30 | F13: =D13+E13 -> 45672 | G13: =$A$3-F13 -> -15 | H13: =B13 -> 1680000
A14: PT Maju Tambak Sumur Es | B14: 2100000 | C14: 2339 | D14: 45649 | E14: 30 | F14: =D14+E14 -> 45679 | G14: =$A$3-F14 -> -22 | H14: =B14 -> 2100000
A16: Bapak Iwan-Es | B16: 59370000 | D16: 45627 | E16: 30 | F16: =D16+E16 -> 45657 | G16: =$A$3-F16 -> 0 | H16: =B16 -> 59370000
A17: Bapak Iwan-Es | B17: 7920000 | D17: 45597 | E17: 30 | F17: =D17+E17 -> 45627 | G17: =$A$3-F17 -> 30 | I17: =B17 -> 7920000
A18: Bapak Iwan-Es | B18: 12560000 | D18: 45566 | E18: 30 | F18: =D18+E18 -> 45596 | G18: =$A$3-F18 -> 61 | K18: =B18 -> 12560000
A20: Piutang Lain-lain di bawah Rp 20.000.000,- IDR | B20: 20530775 | E20: 30 | F20: =D20+E20 -> 30 | I20: =B20 -> 20530775
A23: Piutang Usaha - USD
A24: Crystal Cove Seafoods Corporation | B24: 2.3087255e+09 | C24: 063/ISP-EXP | D24: 45649 | E24: 60 | F24: =D24+E24 -> 45709 | G24: =$A$3-F24 -> -52 | H24: =B24 -> 2.3087255e+09
A25: Crystal Cove Seafoods Corporation | B25: 2208548733 | C25: PO 30977 | D25: 45674 | E25: 60 | F25: =D25+E25 -> 45734 | G25: =$A$3-F25 -> -77 | H25: =B25 -> 2208548733
A26: Crystal Cove Seafoods Corporation | B26: 1856847460 | C26: PO 001-2025 | D26: 45716 | E26: 60 | F26: =D26+E26 -> 45776 | G26: =$A$3-F26 -> -119 | H26: =B26 -> 1856847460
A28: Great American Seafoods Imports Co. | B28: 1895802600 | C28: 053/ISP - EXP | D28: 45657 | E28: 60 | F28: =D28+E28 -> 45717 | G28: =$A$3-F28 -> -60 | H28: =B28 -> 1895802600
A30: Censea Inc. | B30: 1936844000 | C30: PO. 72074 | D30: 45716 | E30: 60 | F30: =D30+E30 -> 45776 | G30: =$A$3-F30 -> -119 | H30: =B30 -> 1936844000
A31: Censea Inc. | B31: =1869424835.12-3516621 -> 1.8659082e+09 | C31: 065/ISP-EXP | D31: 45656 | E31: 60 | F31: =D31+E31 -> 45716 | G31: =$A$3-F31 -> -59 | H31: =B31 -> 1.8659082e+09
A32: Censea Inc. | B32: 2058914000 | C32: PO. 71482 | D32: 45681 | E32: 60 | F32: =D32+E32 -> 45741 | G32: =$A$3-F32 -> -84 | H32: =B32 -> 2058914000
A33: Censea Inc. | B33: 2146804400 | C33: PO. 71255 | D33: 45681 | E33: 60 | F33: =D33+E33 -> 45741 | G33: =$A$3-F33 -> -84 | H33: =B33 -> 2146804400
A35: Kyokuyo Co,, Ltd | B35: 2198904748 | C35: 064/ISP-EXP | D35: 45651 | E35: 60 | F35: =D35+E35 -> 45711 | G35: =$A$3-F35 -> -54 | H35: =B35 -> 2198904748
A36: Kyokuyo Co,, Ltd | B36: 2.0539002e+09 | C36: PO. ISP-010/2024 | D36: 45671 | E36: 60 | F36: =D36+E36 -> 45731 | G36: =$A$3-F36 -> -74 | H36: =B36 -> 2.0539002e+09
A37: Kyokuyo Co,, Ltd | B37: 1853540178 | C37: PO. ISP-011/2024 | D37: 45682 | E37: 60 | F37: =D37+E37 -> 45742 | G37: =$A$3-F37 -> -85 | H37: =B37 -> 1853540178
A38: Kyokuyo Co,, Ltd | B38: 1953120000 | C38: PO. 012-2024 | D38: 45716 | E38: 60 | F38: =D38+E38 -> 45776 | G38: =$A$3-F38 -> -119 | H38: =B38 -> 1953120000
A39: Kyokuyo Co,, Ltd | B39: 1953120000 | C39: PO. 013-2024 | D39: 45716 | E39: 60 | F39: =D39+E39 -> 45776 | G39: =$A$3-F39 -> -119 | H39: =B39 -> 1953120000
A40: Kyokuyo Co,, Ltd | B40: 1871740000 | C40: PO. 001-2025 | D40: 45716 | E40: 60 | F40: =D40+E40 -> 45776 | G40: =$A$3-F40 -> -119 | H40: =B40 -> 1871740000
A42: Nissui Corporation | B42: =2176601141+202049 -> 2176803190 | C42: 062/ISP-EXP | D42: 45651 | E42: 60 | F42: =D42+E42 -> 45711 | G42: =$A$3-F42 -> -54 | H42: =B42 -> 2176803190
A43: Nissui Corporation | B43: =2128131350+202048 -> 2128333398 | C43: 066/ISP-EXP | D43: 45657 | E43: 60 | F43: =D43+E43 -> 45717 | G43: =$A$3-F43 -> -60 | H43: =B43 -> 2128333398
A44: Nissui Corporation | B44: 2147708672 | C44: PO. ISP-NISSUI 012 | D44: 45672 | E44: 60 | F44: =D44+E44 -> 45732 | G44: =$A$3-F44 -> -75 | H44: =B44 -> 2147708672
A45: Nissui Corporation | B45: 2.1050026e+09 | C45: PO. ISP-NISSUI 014 | D45: 45679 | E45: 60 | F45: =D45+E45 -> 45739 | G45: =$A$3-F45 -> -82 | H45: =B45 -> 2.1050026e+09
A46: Nissui Corporation | B46: 2264382224 | C46: ISP-NISSUI 015 | D46: 45716 | E46: 60 | F46: =D46+E46 -> 45776 | G46: =$A$3-F46 -> -119 | H46: =B46 -> 2264382224
A47: Nissui Corporation | B47: 2398659224 | C47: ISP-NISSUI 016 | D47: 45716 | E47: 60 | F47: =D47+E47 -> 45776 | G47: =$A$3-F47 -> -119 | H47: =B47 -> 2398659224
A49: Ssc Inc Sunnyvale Seafood, | B49: 1958979360 | C49: PO 67610 | D49: 45681 | E49: 60 | F49: =D49+E49 -> 45741 | G49: =$A$3-F49 -> -84 | H49: =B49 -> 1958979360
A50: Ssc Inc Sunnyvale Seafood, | B50: 1882156640 | C50: PO 67751 | D50: 45716 | E50: 60 | F50: =D50+E50 -> 45776 | G50: =$A$3-F50 -> -119 | H50: =B50 -> 1882156640
A52: Hohsui Corporation | B52: =726320280-480 -> 726319800 | C52: 067/ISP-EXP | D52: 45657 | E52: 60 | F52: =D52+E52 -> 45717 | G52: =$A$3-F52 -> -60 | H52: =B52 -> 726319800
A53: Hohsui Corporation | B53: 2.0722604e+09 | C53: PO. 2024-197 | D53: 45716 | E53: 60 | F53: =D53+E53 -> 45776 | G53: =$A$3-F53 -> -119 | H53: =B53 -> 2.0722604e+09

Sheet Piutang IAS Sept 24
A1: PT Ind American Seafoods
A2: Aging Piutang Dagang
A3: 45565
B4: =SUM(B8:B31) -> 2.3871075e+10 | H4: =SUM(H8:H31) -> 2.3835256e+10 | I4: =SUM(I8:I31) -> 35818887 | J4: =SUM(J8:J31) -> 0 | K4: =SUM(K8:K31) -> 0 | L4: =SUM(L8:L31) -> 0
C5: Invoice | G5: AGING
A6: Nama | B6: Nominal | C6: No | D6: Tanggal | E6: Jatuh Tempo | F6: Tanggal Jatuh Tempo | G6: Aging | H6: Lancar | I6: 1-30 Hari | J6: 31-60 Hari | K6: 61-90 Hari | L6: > 90 Hari
A7: Piutang Usaha - IDR
A8: CV Kanian Persada | B8: 35818887 | D8: 45504 | E8: 30 | F8: =D8+E8 -> 45534 | G8: =$A$3-F8 -> 31 | I8: =B8 -> 35818887
A9: CV Kanian Persada | B9: 302993500 | D9: 45535 | E9: 30 | F9: =D9+E9 -> 45565 | G9: =$A$3-F9 -> 0 | H9: =B9 -> 302993500
A10: CV Kanian Persada | B10: 1082094 | D10: 45565 | E10: 30 | F10: =D10+E10 -> 45595 | G10: =$A$3-F10 -> -30 | H10: =B10 -> 1082094
A12: Piutang Usaha - USD
A14: Censea Inc | B14: 2304857600 | C14: Censea (PO. 71389) | D14: 45576 | E14: 60 | F14: =D14+E14 -> 45636 | G14: =$A$3-F14 -> -71 | H14: =B14 -> 2304857600
A15: Censea Inc | B15: 1998078000 | C15: Censea (PO. 71226) | D15: 45587 | E15: 60 | F15: =D15+E15 -> 45647 | G15: =$A$3-F15 -> -82 | H15: =B15 -> 1998078000
A16: Censea Inc | B16: 1930996000 | C16: Censea (PO. 71658) | D16: 45588 | E16: 60 | F16: =D16+E16 -> 45648 | G16: =$A$3-F16 -> -83 | H16: =B16 -> 1930996000
A17: Censea Inc | B17: 1647014400 | C17: 50 | D17: 45565 | E17: 60 | F17: =D17+E17 -> 45625 | G17: =$A$3-F17 -> -60 | H17: =B17 -> 1647014400
A18: Censea Inc | B18: 1565193150 | C18: 51 | D18: 45565 | E18: 60 | F18: =D18+E18 -> 45625 | G18: =$A$3-F18 -> -60 | H18: =B18 -> 1565193150
A19: Censea Inc | B19: 1878625800 | C19: 52 | D19: 45565 | E19: 60 | F19: =D19+E19 -> 45625 | G19: =$A$3-F19 -> -60 | H19: =B19 -> 1878625800
A20: Censea Inc | B20: 1856930400 | C20: 49 | D20: 45563 | E20: 60 | F20: =D20+E20 -> 45623 | G20: =$A$3-F20 -> -58 | H20: =B20 -> 1856930400
A21: Censea Inc | B21: =1580599365-38442196+0.5 -> 1.5421572e+09 | C21: 46 | D21: 45556 | E21: 60 | F21: =D21+E21 -> 45616 | G21: =$A$3-F21 -> -51 | H21: =B21 -> 1.5421572e+09
A22: Censea Inc | B22: 1949092500 | C22: 44 | D22: 45555 | E22: 60 | F22: =D22+E22 -> 45615 | G22: =$A$3-F22 -> -50 | H22: =B22 -> 1949092500
A24: Eastern Fish Company LLC | B24: 1353639940 | C24: 31 | D24: 45520 | E24: 60 | F24: =D24+E24 -> 45580 | G24: =$A$3-F24 -> -15 | H24: =B24 -> 1353639940
A26: Slade Gorton,,Inc | B26: 1783098720 | C26: Slade Gorton (PO. 309485) | D26: 45584 | E26: 60 | F26: =D26+E26 -> 45644 | G26: =$A$3-F26 -> -79 | H26: =B26 -> 1783098720
A27: Slade Gorton,,Inc | B27: 1739932234 | C27: 47 | D27: 45561 | E27: 60 | F27: =D27+E27 -> 45621 | G27: =$A$3-F27 -> -56 | H27: =B27 -> 1739932234
A29: H & T SEAFOODS INC | B29: 1981564200 | C29: 48 | D29: 45562 | E29: 60 | F29: =D29+E29 -> 45622 | G29: =$A$3-F29 -> -57 | H29: =B29 -> 1981564200

Sheet Hutang IAS Sept 24
A1: Aging Hutang Usaha & Subsequent
A2: PT Indo American Seafoods
A3: 45565
B4: =SUBTOTAL(9,B6:B107) -> 3.2579243e+09 | H4: =SUBTOTAL(9,H6:H107) -> 2.7836057e+09 | I4: =SUBTOTAL(9,I6:I107) -> 4.332646e+08 | J4: =SUBTOTAL(9,J6:J107) -> 14154286 | K4: =SUBTOTAL(9,K6:K107) -> 8031460 | L4: =SUBTOTAL(9,L6:L107) -> 18868270 | M4: =SUM(H4:L4)-B4 -> 0
A5: Nama | B5: Nominal | C5: No Invoice | D5: Tgl Invoice | E5: Jatuh Tempo | F5: Tgl Jatuh Tempo | G5: Aging | H5: Lancar | I5: 1-30 Hari | J5: 31-60 Hari | K5: 61-90 Hari | L5: >90 Hari
A6: PT Anesta Agung | B6: 2.8762729e+08 | C6: 648 | D6: 45561 | E6: 30 | F6: =D6+E6 -> 45591 | G6: =$A$3-F6 -> -26 | H6: =B6 -> 2.8762729e+08
A8: PT Konverta Mitra Abadi | B8: 1113430 | D8: 45443 | E8: 30 | F8: =D8+E8 -> 45473 | G8: =$A$3-F8 -> 92 | L8: =B8 -> 1113430
A9: PT Konverta Mitra Abadi | B9: 8031460 | C9: 417 | D9: 45448 | E9: 30 | F9: =D9+E9 -> 45478 | G9: =$A$3-F9 -> 87 | K9: =B9 -> 8031460
A10: PT Konverta Mitra Abadi | B10: 3059437 | C10: 484 | D10: 45489 | E10: 30 | F10: =D10+E10 -> 45519 | G10: =$A$3-F10 -> 46 | J10: =B10 -> 3059437
A11: PT Konverta Mitra Abadi | B11: 27872100 | C11: 543 | D11: 45523 | E11: 30 | F11: =D11+E11 -> 45553 | G11: =$A$3-F11 -> 12 | I11: =B11 -> 27872100
A12: PT Konverta Mitra Abadi | B12: 24431100 | C12: 544 | D12: 45523 | E12: 30 | F12: =D12+E12 -> 45553 | G12: =$A$3-F12 -> 12 | I12: =B12 -> 24431100
A13: PT Konverta Mitra Abadi | B13: 16516800 | C13: 551 | D13: 45526 | E13: 30 | F13: =D13+E13 -> 45556 | G13: =$A$3-F13 -> 9 | I13: =B13 -> 16516800
A14: PT Konverta Mitra Abadi | B14: 7914300 | C14: 552 | D14: 45527 | E14: 30 | F14: =D14+E14 -> 45557 | G14: =$A$3-F14 -> 8 | I14: =B14 -> 7914300
A15: PT Konverta Mitra Abadi | B15: 5782045.5 | C15: 555 | D15: 45528 | E15: 30 | F15: =D15+E15 -> 45558 | G15: =$A$3-F15 -> 7 | I15: =B15 -> 5782045.5
A16: PT Konverta Mitra Abadi | B16: 4142320 | C16: 556 | D16: 45528 | E16: 30 | F16: =D16+E16 -> 45558 | G16: =$A$3-F16 -> 7 | I16: =B16 -> 4142320
A17: PT Konverta Mitra Abadi | B17: 3291838 | C17: 557 | D17: 45528 | E17: 30 | F17: =D17+E17 -> 45558 | G17: =$A$3-F17 -> 7 | I17: =B17 -> 3291838
A18: PT Konverta Mitra Abadi | B18: 11507203 | C18: 558 | D18: 45529 | E18: 30 | F18: =D18+E18 -> 45559 | G18: =$A$3-F18 -> 6 | I18: =B18 -> 11507203
A19: PT Konverta Mitra Abadi | B19: 787212 | C19: 559 | D19: 45529 | E19: 30 | F19: =D19+E19 -> 45559 | G19: =$A$3-F19 -> 6 | I19: =B19 -> 787212
A20: PT Konverta Mitra Abadi | B20: 4784377 | C20: 577 | D20: 45533 | E20: 30 | F20: =D20+E20 -> 45563 | G20: =$A$3-F20 -> 2 | I20: =B20 -> 4784377
A21: PT Konverta Mitra Abadi | B21: 39463164 | C21: 580 | D21: 45534 | E21: 30 | F21: =D21+E21 -> 45564 | G21: =$A$3-F21 -> 1 | I21: =B21 -> 39463164
A22: PT Konverta Mitra Abadi | B22: 35519500 | C22: 581 | D22: 45534 | E22: 30 | F22: =D22+E22 -> 45564 | G22: =$A$3-F22 -> 1 | I22: =B22 -> 35519500
A23: PT Konverta Mitra Abadi | B23: 17118975 | C23: 582 | D23: 45534 | E23: 30 | F23: =D23+E23 -> 45564 | G23: =$A$3-F23 -> 1 | I23: =B23 -> 17118975
A24: PT Konverta Mitra Abadi | B24: 3892548 | C24: 587 | D24: 45535 | E24: 30 | F24: =D24+E24 -> 45565 | G24: =$A$3-F24 -> 0 | H24: =B24 -> 3892548
A25: PT Konverta Mitra Abadi | B25: 23605260 | C25: 588 | D25: 45535 | E25: 30 | F25: =D25+E25 -> 45565 | G25: =$A$3-F25 -> 0 | H25: =B25 -> 23605260
A26: PT Konverta Mitra Abadi | B26: 21403020 | C26: 597 | D26: 45540 | E26: 30 | F26: =D26+E26 -> 45570 | G26: =$A$3-F26 -> -5 | H26: =B26 -> 21403020
A27: PT Konverta Mitra Abadi | B27: 2339880 | C27: 609 | D27: 45542 | E27: 30 | F27: =D27+E27 -> 45572 | G27: =$A$3-F27 -> -7 | H27: =B27 -> 2339880
A28: PT Konverta Mitra Abadi | B28: 94076940 | C28: 631 | D28: 45547 | E28: 30 | F28: =D28+E28 -> 45577 | G28: =$A$3-F28 -> -12 | H28: =B28 -> 94076940
A29: PT Konverta Mitra Abadi | B29: 961537 | C29: 632 | D29: 45547 | E29: 30 | F29: =D29+E29 -> 45577 | G29: =$A$3-F29 -> -12 | H29: =B29 -> 961537
A30: PT Konverta Mitra Abadi | B30: 17120473 | C30: 649 | D30: 45551 | E30: 30 | F30: =D30+E30 -> 45581 | G30: =$A$3-F30 -> -16 | H30: =B30 -> 17120473
A31: PT Konverta Mitra Abadi | B31: 11837040 | C31: 655 | D31: 45552 | E31: 30 | F31: =D31+E31 -> 45582 | G31: =$A$3-F31 -> -17 | H31: =B31 -> 11837040
A32: PT Konverta Mitra Abadi | B32: 6905587 | C32: 658 | D32: 45553 | E32: 30 | F32: =D32+E32 -> 45583 | G32: =$A$3-F32 -> -18 | H32: =B32 -> 6905587
A33: PT Konverta Mitra Abadi | B33: 11905860 | C33: 659 | D33: 45553 | E33: 30 | F33: =D33+E33 -> 45583 | G33: =$A$3-F33 -> -18 | H33: =B33 -> 11905860
A34: PT Konverta Mitra Abadi | B34: 39164352 | C34: 660 | D34: 45553 | E34: 30 | F34: =D34+E34 -> 45583 | G34: =$A$3-F34 -> -18 | H34: =B34 -> 39164352
A35: PT Konverta Mitra Abadi | B35: 5292480 | C35: 664 | D35: 45554 | E35: 30 | F35: =D35+E35 -> 45584 | G35: =$A$3-F35 -> -19 | H35: =B35 -> 5292480
... A39: PT Konverta Mitra Abadi | B39: 8031460 | C39: 685 | D39: 45565 | E39: 30 | F39: =D39+E39 -> 45595 | G39: =$A$3-F39 -> -30 | H39: =B39 -> 8031460
A41: PT RBFood Supply Indonesia | B41: 28860000 | C41: 616 | D41: 45514 | E41: 30 | F41: =D41+E41 -> 45544 | G41: =$A$3-F41 -> 21 | I41: =B41 -> 28860000
A42: PT RBFood Supply Indonesia | B42: 28860000 | C42: 527 | D42: 45546 | E42: 30 | F42: =D42+E42 -> 45576 | G42: =$A$3-F42 -> -11 | H42: =B42 -> 28860000
A43: PT RBFood Supply Indonesia | B43: 6660000 | C43: 31 | D43: 45302 | E43: 30 | F43: =D43+E43 -> 45332 | G43: =$A$3-F43 -> 233 | L43: =B43 -> 6660000
A45: PT CJ Cheiljedang Feed Lampung | B45: 79300000 | C45: 2434 | D45: 45548 | E45: 30 | F45: =D45+E45 -> 45578 | G45: =$A$3-F45 -> -13 | H45: =B45 -> 79300000
A46: PT CJ Cheiljedang Feed Lampung | B46: 79325000 | C46: 2435 | D46: 45548 | E46: 30 | F46: =D46+E46 -> 45578 | G46: =$A$3-F46 -> -13 | H46: =B46 -> 79325000
A48: Tn. Ismanto | B48: 1.2950778e+08 | C48: 655 | D48: 45562 | E48: 30 | F48: =D48+E48 -> 45592 | G48: =$A$3-F48 -> -27 | H48: =B48 -> 1.2950778e+08
A50: PT Sumber Energy | B50: 31635000 | C50: 687 | D50: 45565 | E50: 30 | F50: =D50+E50 -> 45595 | G50: =$A$3-F50 -> -30 | H50: =B50 -> 31635000
A52: PT Indonesia Makan Udang | B52: 252234395 | C52: 649 | D52: 45561 | E52: 30 | F52: =D52+E52 -> 45591 | G52: =$A$3-F52 -> -26 | H52: =B52 -> 252234395
A53: PT Indonesia Makan Udang | B53: 225407721 | C53: 650 | D53: 45561 | E53: 30 | F53: =D53+E53 -> 45591 | G53: =$A$3-F53 -> -26 | H53: =B53 -> 225407721
A54: PT Indonesia Makan Udang | B54: 44990866 | C54: 675 | D54: 45565 | E54: 30 | F54: =D54+E54 -> 45595 | G54: =$A$3-F54 -> -30 | H54: =B54 -> 44990866
A55: PT Indonesia Makan Udang | B55: 67875183 | C55: 572 | D55: 45548 | E55: 30 | F55: =D55+E55 -> 45578 | G55: =$A$3-F55 -> -13 | H55: =B55 -> 67875183
A57: Nerimo Ing Pandum, CV | B57: =200753868.45*0 -> 0 | C57: 630 | D57: 45560 | E57: 30 | F57: =D57+E57 -> 45590 | G57: =$A$3-F57 -> -25 | H57: =B57 -> 0
A59: Utomo Print | B59: 33776865 | C59: 575 | D59: 45533 | E59: 30 | F59: =D59+E59 -> 45563 | G59: =$A$3-F59 -> 2 | I59: =B59 -> 33776865
A60: Utomo Print | B60: 25054920 | C60: 600 | D60: 45540 | E60: 30 | F60: =D60+E60 -> 45570 | G60: =$A$3-F60 -> -5 | H60: =B60 -> 25054920
A61: Utomo Print | B61: 25054920 | C61: 601 | D61: 45540 | E61: 30 | F61: =D61+E61 -> 45570 | G61: =$A$3-F61 -> -5 | H61: =B61 -> 25054920
A62: Utomo Print | B62: 42475704 | C62: 610 | D62: 45542 | E62: 30 | F62: =D62+E62 -> 45572 | G62: =$A$3-F62 -> -7 | H62: =B62 -> 42475704
A63: Utomo Print | B63: 48999840 | C63: 6111 | D63: 45542 | E63: 30 | F63: =D63+E63 -> 45572 | G63: =$A$3-F63 -> -7 | H63: =B63 -> 48999840
A64: Utomo Print | B64: 74325600 | C64: 665 | D64: 45554 | E64: 30 | F64: =D64+E64 -> 45584 | G64: =$A$3-F64 -> -19 | H64: =B64 -> 74325600
A65: Utomo Print | B65: 688200 | C65: 666 | D65: 45554 | E65: 30 | F65: =D65+E65 -> 45584 | G65: =$A$3-F65 -> -19 | H65: =B65 -> 688200
A67: PT Sinergy Indopack Makmur | B67: 23976000 | C67: 650 | D67: 45552 | E67: 30 | F67: =D67+E67 -> 45582 | G67: =$A$3-F67 -> -17 | H67: =B67 -> 23976000
A68: PT Sinergy Indopack Makmur | B68: 46353600 | C68: 651 | D68: 45552 | E68: 30 | F68: =D68+E68 -> 45582 | G68: =$A$3-F68 -> -17 | H68: =B68 -> 46353600
A70: Sumatraco Langgeng Abadi, PT | B70: 20535000 | C70: 576 | D70: 45533 | E70: 30 | F70: =D70+E70 -> 45563 | G70: =$A$3-F70 -> 2 | I70: =B70 -> 20535000
A72: R & R COLECTION | B72: 1080000 | C72: 593 | D72: 45539 | E72: 30 | F72: =D72+E72 -> 45569 | G72: =$A$3-F72 -> -4 | H72: =B72 -> 1080000
A73: R & R COLECTION | B73: 360000 | C73: 607 | D73: 45542 | E73: 30 | F73: =D73+E73 -> 45572 | G73: =$A$3-F73 -> -7 | H73: =B73 -> 360000
A74: R & R COLECTION | B74: 10290000 | C74: 613 | D74: 45545 | E74: 30 | F74: =D74+E74 -> 45575 | G74: =$A$3-F74 -> -10 | H74: =B74 -> 10290000
A75: R & R COLECTION | B75: 4320000 | C75: 654 | D75: 45552 | E75: 30 | F75: =D75+E75 -> 45582 | G75: =$A$3-F75 -> -17 | H75: =B75 -> 4320000
A76: R & R COLECTION | B76: 16990000 | C76: 682 | D76: 45562 | E76: 30 | F76: =D76+E76 -> 45592 | G76: =$A$3-F76 -> -27 | H76: =B76 -> 16990000
A77: R & R COLECTION | B77: 10290000 | C77: 684 | D77: 45565 | E77: 30 | F77: =D77+E77 -> 45595 | G77: =$A$3-F77 -> -30 | H77: =B77 -> 10290000
A79: Lima Pendawa, CV | B79: 33300000 | C79: 542 | D79: 45523 | E79: 30 | F79: =D79+E79 -> 45553 | G79: =$A$3-F79 -> 12 | I79: =B79 -> 33300000
A81: Sumatra Motor Teknindo, PT | B81: =44100+1200 -> 45300 | C81: 589 | D81: 45536 | E81: 30 | F81: =D81+E81 -> 45566 | G81: =$A$3-F81 -> -1 | H81: =B81 -> 45300
A82: Sumatra Motor Teknindo, PT | B82: 199800 | C82: 630 | D82: 45547 | E82: 30 | F82: =D82+E82 -> 45577 | G82: =$A$3-F82 -> -12 | H82: =B82 -> 199800
A84: Indoplast Jaya Sukses Makmur, PT | B84: 9090900 | C84: 521 | D84: 45512 | E84: 30 | F84: =D84+E84 -> 45542 | G84: =$A$3-F84 -> 23 | I84: =B84 -> 9090900
A86: Dinamika Lubsindo Utama, PT | B86: 11094840 | D86: 45292 | E86: 30 | F86: =D86+E86 -> 45322 | G86: =$A$3-F86 -> 243 | L86: =B86 -> 11094840
A87: Dinamika Lubsindo Utama, PT | B87: 11094849 | C87: 506 | D87: 45504 | E87: 30 | F87: =D87+E87 -> 45534 | G87: =$A$3-F87 -> 31 | J87: =B87 -> 11094849
A88: Dinamika Lubsindo Utama, PT | B88: 11094849 | C88: 678 | D88: 45560 | E88: 30 | F88: =D88+E88 -> 45590 | G88: =$A$3-F88 -> -25 | H88: =B88 -> 11094849
A89: Dinamika Lubsindo Utama, PT | B89: 11094849 | C89: 681 | D89: 45560 | E89: 30 | F89: =D89+E89 -> 45590 | G89: =$A$3-F89 -> -25 | H89: =B89 -> 11094849
A91: Maju Tambak Sumur, PT | B91: =471004404.7 -> 4.710044e+08 | C91: 633 | D91: 45560 | E91: 30 | F91: =D91+E91 -> 45590 | G91: =$A$3-F91 -> -25 | H91: =B91 -> 4.710044e+08
A93: Andalan Traiding Mina, CV | B93: =390700399.72*0 -> 0 | C93: 674 | D93: 45565 | E93: 30 | F93: =D93+E93 -> 45595 | G93: =$A$3-F93 -> -30 | H93: =B93 -> 0
A95: Gatot Eko Andoyo | B95: 97875017 | C95: 599 | D95: 45555 | E95: 30 | F95: =D95+E95 -> 45585 | G95: =$A$3-F95 -> -20 | H95: =B95 -> 97875017
A97: Sakti Biru Indonesia, PT | B97: 2.8529717e+08 | C97: 677 | D97: 45565 | E97: 30 | F97: =D97+E97 -> 45595 | G97: =$A$3-F97 -> -30 | H97: =B97 -> 2.8529717e+08
A99: Indolabel Surya Pratama, PT | B99: 10509480 | C99: 603 | D99: 45541 | E99: 30 | F99: =D99+E99 -> 45571 | G99: =$A$3-F99 -> -6 | H99: =B99 -> 10509480
A100: Indolabel Surya Pratama, PT | B100: 15180360 | C100: 621 | D100: 45546 | E100: 30 | F100: =D100+E100 -> 45576 | G100: =$A$3-F100 -> -11 | H100: =B100 -> 15180360
A101: Indolabel Surya Pratama, PT | B101: 13977608 | C101: 623 | D101: 45547 | E101: 30 | F101: =D101+E101 -> 45577 | G101: =$A$3-F101 -> -12 | H101: =B101 -> 13977608
A102: Indolabel Surya Pratama, PT | B102: 4203792 | C102: 624 | D102: 45547 | E102: 30 | F102: =D102+E102 -> 45577 | G102: =$A$3-F102 -> -12 | H102: =B102 -> 4203792
A103: Indolabel Surya Pratama, PT | B103: 1786612 | C103: 625 | D103: 45547 | E103: 30 | F103: =D103+E103 -> 45577 | G103: =$A$3-F103 -> -12 | H103: =B103 -> 1786612
A104: Indolabel Surya Pratama, PT | B104: 5126291 | C104: 668 | D104: 45554 | E104: 30 | F104: =D104+E104 -> 45584 | G104: =$A$3-F104 -> -19 | H104: =B104 -> 5126291
A105: Indolabel Surya Pratama, PT | B105: 10217550 | C105: 675 | D105: 45556 | E105: 30 | F105: =D105+E105 -> 45586 | G105: =$A$3-F105 -> -21 | H105: =B105 -> 10217550
A107: Lain-lain (masing-masing di bawah Rp 20.000.000) | B107: 108570905 | I107: =B107 -> 108570905

Sheet Hutang Usaha ISP Sept 2024
A1: Aging Hutang Usaha & Subsequent
A2: PT Indokom Samudra Persada
A3: 45565
B4: =SUM(B6:B216) -> 7.3871703e+09 | H4: =SUM(H6:H216) -> 4.9834664e+09 | I4: =SUM(I6:I216) -> 1982303832 | J4: =SUM(J6:J216) -> 184180750 | K4: =SUM(K6:K216) -> 82354849 | L4: =SUM(L6:L216) -> 154864460 | M4: =SUM(H4:L4)-B4 -> 0
A5: Nama | B5: Nominal | C5: No Purchase | D5: Tgl Purchase | E5: Jatuh Tempo | F5: Tgl Jatuh Tempo | G5: Aging | H5: Lancar | I5: 1-30 Hari | J5: 31-60 Hari | K5: 61-90 Hari | L5: >90 Hari
A6: Bapak Cipto | B6: 27237008 | E6: 30 | I6: =B6 -> 27237008
A8: Halim Sakti Pratama, PT | B8: 13506480 | C8: 36 | D8: 45553 | E8: 30 | F8: =D8+E8 -> 45583 | G8: =$A$3-F8 -> -18 | H8: =B8 -> 13506480
A10: Intiragam Oliefindo, PT | B10: 24975000 | C10: 397 | D10: 45546 | E10: 30 | F10: =D10+E10 -> 45576 | G10: =$A$3-F10 -> -11 | H10: =B10 -> 24975000
A12: Samara Cipta Solution, CV | B12: 69903226 | C12: 311 | D12: 45514 | E12: 30 | F12: =D12+E12 -> 45544 | G12: =$A$3-F12 -> 21 | I12: =B12 -> 69903226
B13: 32190000 | C13: 438 | D13: 45560 | E13: 30 | F13: =D13+E13 -> 45590 | G13: =$A$3-F13 -> -25 | H13: =B13 -> 32190000
B14: 48037780 | C14: 439 | D14: 45560 | E14: 30 | F14: =D14+E14 -> 45590 | G14: =$A$3-F14 -> -25 | H14: =B14 -> 48037780
A16: Seven Mountain Internasional, PT | B16: 29859000 | C16: 314 | D16: 45516 | E16: 30 | F16: =D16+E16 -> 45546 | G16: =$A$3-F16 -> 19 | I16: =B16 -> 29859000
A18: Sinar Panca Surya, PT | B18: 48888562 | C18: 405 | D18: 45548 | E18: 30 | F18: =D18+E18 -> 45578 | G18: =$A$3-F18 -> -13 | H18: =B18 -> 48888562
B19: 41990190 | C19: 442 | D19: 45561 | E19: 30 | F19: =D19+E19 -> 45591 | G19: =$A$3-F19 -> -26 | H19: =B19 -> 41990190
B20: 42525657 | C20: 447 | D20: 45563 | E20: 30 | F20: =D20+E20 -> 45593 | G20: =$A$3-F20 -> -28 | H20: =B20 -> 42525657
A22: Sinar Setia Mulia , PT | B22: 40800003 | C22: 35 | D22: 45546 | E22: 30 | F22: =D22+E22 -> 45576 | G22: =$A$3-F22 -> -11 | H22: =B22 -> 40800003
A24: Nusantara, Toko | B24: 5025000 | D24: 45292 | E24: 30 | F24: =D24+E24 -> 45322 | G24: =$A$3-F24 -> 243 | L24: =B24 -> 5025000 | M24: apakah perlu di adj ?
A26: Surya Serba Mulia, PT | B26: 70999869 | C26: 411 | D26: 45549 | E26: 30 | F26: =D26+E26 -> 45579 | G26: =$A$3-F26 -> -14 | H26: =B26 -> 70999869
A28: Sumatra Motor Teknindo, PT | B28: 8646900 | C28: 231 | D28: 45477 | E28: 30 | F28: =D28+E28 -> 45507 | G28: =$A$3-F28 -> 58 | J28: =B28 -> 8646900
B29: 301032 | C29: 232 | D29: 45477 | E29: 30 | F29: =D29+E29 -> 45507 | G29: =$A$3-F29 -> 58 | J29: =B29 -> 301032
B30: 357420 | C30: 233 | D30: 45477 | E30: 30 | F30: =D30+E30 -> 45507 | G30: =$A$3-F30 -> 58 | J30: =B30 -> 357420
B31: 619380 | C31: 14 | D31: 45477 | E31: 30 | F31: =D31+E31 -> 45507 | G31: =$A$3-F31 -> 58 | J31: =B31 -> 619380
B32: 2426460 | C32: 327 | D32: 45505 | E32: 30 | F32: =D32+E32 -> 45535 | G32: =$A$3-F32 -> 30 | I32: =B32 -> 2426460
B33: 7856025 | C33: 328 | D33: 45505 | E33: 30 | F33: =D33+E33 -> 45535 | G33: =$A$3-F33 -> 30 | I33: =B33 -> 7856025
B34: =457875-17988 -> 439887 | C34: 331 | D34: 45505 | E34: 30 | F34: =D34+E34 -> 45535 | G34: =$A$3-F34 -> 30 | I34: =B34 -> 439887
B35: 567432 | C35: 306 | D35: 45514 | E35: 30 | F35: =D35+E35 -> 45544 | G35: =$A$3-F35 -> 21 | I35: =B35 -> 567432
B36: 2411475 | C36: 307 | D36: 45514 | E36: 30 | F36: =D36+E36 -> 45544 | G36: =$A$3-F36 -> 21 | I36: =B36 -> 2411475
B37: 510600 | C37: 308 | D37: 45514 | E37: 30 | F37: =D37+E37 -> 45544 | G37: =$A$3-F37 -> 21 | I37: =B37 -> 510600
B38: 222000 | C38: 32 | D38: 45533 | E38: 30 | F38: =D38+E38 -> 45563 | G38: =$A$3-F38 -> 2 | I38: =B38 -> 222000
B39: 366300 | C39: 365 | D39: 45537 | E39: 30 | F39: =D39+E39 -> 45567 | G39: =$A$3-F39 -> -2 | H39: =B39 -> 366300
B40: 3046950 | C40: 366 | D40: 45537 | E40: 30 | F40: =D40+E40 -> 45567 | G40: =$A$3-F40 -> -2 | H40: =B40 -> 3046950
B41: 1198800 | C41: 34 | D41: 45537 | E41: 30 | F41: =D41+E41 -> 45567 | G41: =$A$3-F41 -> -2 | H41: =B41 -> 1198800
B42: 2424240 | C42: 390 | D42: 45536 | E42: 30 | F42: =D42+E42 -> 45566 | G42: =$A$3-F42 -> -1 | H42: =B42 -> 2424240
B43: 3762900 | C43: 391 | D43: 45536 | E43: 30 | F43: =D43+E43 -> 45566 | G43: =$A$3-F43 -> -1 | H43: =B43 -> 3762900
A45: Tri Jaya Sukses | B45: 38500000 | C45: 271 | D45: 45475 | E45: 30 | F45: =D45+E45 -> 45505 | G45: =$A$3-F45 -> 60 | J45: =B45 -> 38500000
B46: 38500000 | C46: 311 | D46: 45500 | E46: 30 | F46: =D46+E46 -> 45530 | G46: =$A$3-F46 -> 35 | J46: =B46 -> 38500000
B47: 26500000 | C47: 365 | D47: 45523 | E47: 30 | F47: =D47+E47 -> 45553 | G47: =$A$3-F47 -> 12 | I47: =B47 -> 26500000
B48: 2537500 | C48: 366 | D48: 45523 | E48: 30 | F48: =D48+E48 -> 45553 | G48: =$A$3-F48 -> 12 | I48: =B48 -> 2537500
A50: General Agromesin Lestari, PT | B50: 58185000 | C50: 416 | D50: 45548 | E50: 30 | F50: =D50+E50 -> 45578 | G50: =$A$3-F50 -> -13 | H50: =B50 -> 58185000
B51: 27153000 | C51: 417 | D51: 45548 | E51: 30 | F51: =D51+E51 -> 45578 | G51: =$A$3-F51 -> -13 | H51: =B51 -> 27153000
B52: =9050000-5 -> 9049995 | C52: 418 | D52: 45548 | E52: 30 | F52: =D52+E52 -> 45578 | G52: =$A$3-F52 -> -13 | H52: =B52 -> 9049995
A54: Maju Tambak Sumur, PT | B54: 463814236 | C54: 404 | D54: 45556 | E54: 30 | F54: =D54+E54 -> 45586 | G54: =$A$3-F54 -> -21 | H54: =B54 -> 463814236
B55: 179764092 | C55: 410 | D55: 45559 | E55: 30 | F55: =D55+E55 -> 45589 | G55: =$A$3-F55 -> -24 | H55: =B55 -> 179764092
A57: SUMBERDAYA SINAR BARU, PT | B57: 19068210 | D57: 45292 | E57: 30 | F57: =D57+E57 -> 45322 | G57: =$A$3-F57 -> 243 | L57: =B57 -> 19068210 | M57: apakah perlu di adj ?
A59: PT Anesta Agung | B59: =267923543*0 -> 0 | C59: 405 | D59: 45558 | E59: 30 | F59: =D59+E59 -> 45588 | G59: =$A$3-F59 -> -23 | H59: =B59 -> 0
A61: PT Delos Rantai Maritim | B61: 39720732 | C61: 388 | D61: 45549 | E61: 30 | F61: =D61+E61 -> 45579 | G61: =$A$3-F61 -> -14 | H61: =B61 -> 39720732
A63: PT International Packaging Manufacturing | B63: 971250 | D63: 45292 | E63: 30 | F63: =D63+E63 -> 45322 | G63: =$A$3-F63 -> 243 | L63: =B63 -> 971250 | M63: apakah perlu di adj ?
A65: PT Konverta Mitra Abadi | B65: 966753 | D65: 45523 | E65: 30 | F65: =D65+E65 -> 45553 | G65: =$A$3-F65 -> 12 | I65: =B65 -> 966753
A66: PT Konverta Mitra Abadi | B66: 23742900 | C66: 324 | D66: 45523 | E66: 30 | F66: =D66+E66 -> 45553 | G66: =$A$3-F66 -> 12 | I66: =B66 -> 23742900
A67: PT Konverta Mitra Abadi | B67: 11680141 | C67: 338 | D67: 45529 | E67: 30 | F67: =D67+E67 -> 45559 | G67: =$A$3-F67 -> 6 | I67: =B67 -> 11680141
A68: PT Konverta Mitra Abadi | B68: 13805625 | C68: 357 | D68: 45534 | E68: 30 | F68: =D68+E68 -> 45564 | G68: =$A$3-F68 -> 1 | I68: =B68 -> 13805625
A69: PT Konverta Mitra Abadi | B69: 12337650 | C69: 359 | D69: 45535 | E69: 30 | F69: =D69+E69 -> 45565 | G69: =$A$3-F69 -> 0 | H69: =B69 -> 12337650
A70: PT Konverta Mitra Abadi | B70: 16516800 | C70: 377 | D70: 45540 | E70: 30 | F70: =D70+E70 -> 45570 | G70: =$A$3-F70 -> -5 | H70: =B70 -> 16516800
A71: PT Konverta Mitra Abadi | B71: 46109400 | C71: 380 | D71: 45542 | E71: 30 | F71: =D71+E71 -> 45572 | G71: =$A$3-F71 -> -7 | H71: =B71 -> 46109400
A72: PT Konverta Mitra Abadi | B72: 19297350 | C72: 385 | D72: 45542 | E72: 30 | F72: =D72+E72 -> 45572 | G72: =$A$3-F72 -> -7 | H72: =B72 -> 19297350
A73: PT Konverta Mitra Abadi | B73: 5536224 | C73: 386 | D73: 45543 | E73: 30 | F73: =D73+E73 -> 45573 | G73: =$A$3-F73 -> -8 | H73: =B73 -> 5536224
A74: PT Konverta Mitra Abadi | B74: 1858140 | C74: 388 | D74: 45544 | E74: 30 | F74: =D74+E74 -> 45574 | G74: =$A$3-F74 -> -9 | H74: =B74 -> 1858140
A75: PT Konverta Mitra Abadi | B75: 6667281 | C75: 389 | D75: 45544 | E75: 30 | F75: =D75+E75 -> 45574 | G75: =$A$3-F75 -> -9 | H75: =B75 -> 6667281
A76: PT Konverta Mitra Abadi | B76: 18237300 | C76: 406 | D76: 45548 | E76: 30 | F76: =D76+E76 -> 45578 | G76: =$A$3-F76 -> -13 | H76: =B76 -> 18237300
A77: PT Konverta Mitra Abadi | B77: 2724783 | C77: 407 | D77: 45548 | E77: 30 | F77: =D77+E77 -> 45578 | G77: =$A$3-F77 -> -13 | H77: =B77 -> 2724783
A78: PT Konverta Mitra Abadi | B78: 13850025 | C78: 414 | D78: 45551 | E78: 30 | F78: =D78+E78 -> 45581 | G78: =$A$3-F78 -> -16 | H78: =B78 -> 13850025
A79: PT Konverta Mitra Abadi | B79: 5505600 | C79: 415 | D79: 45551 | E79: 30 | F79: =D79+E79 -> 45581 | G79: =$A$3-F79 -> -16 | H79: =B79 -> 5505600
A80: PT Konverta Mitra Abadi | B80: 6422704 | C80: 416 | D80: 45551 | E80: 30 | F80: =D80+E80 -> 45581 | G80: =$A$3-F80 -> -16 | H80: =B80 -> 6422704
... A86: PT Konverta Mitra Abadi | B86: 2693304 | C86: 451 | D86: 45565 | E86: 30 | F86: =D86+E86 -> 45595 | G86: =$A$3-F86 -> -30 | H86: =B86 -> 2693304
A88: Multidaya Teknologi Nusantara PT | B88: =310906705*0 -> 0 | C88: 76 | D88: 44956 | E88: 30 | F88: =D88+E88 -> 44986 | G88: =$A$3-F88 -> 579 | L88: =B88 -> 0 | M88: Perlu confirm
A90: Prima Larvae, PT | B90: 67680000 | C90: 433 | D90: 45549 | E90: 30 | F90: =D90+E90 -> 45579 | G90: =$A$3-F90 -> -14 | H90: =B90 -> 67680000
A91: Prima Larvae, PT | B91: 4445196 | C91: 385 | D91: 45548 | E91: 30 | F91: =D91+E91 -> 45578 | G91: =$A$3-F91 -> -13 | H91: =B91 -> 4445196
A92: Prima Larvae, PT | B92: 25783692 | C92: 422 | D92: 45563 | E92: 30 | F92: =D92+E92 -> 45593 | G92: =$A$3-F92 -> -28 | H92: =B92 -> 25783692
A94: PT RBFood Supply Indonesia | B94: 177600000 | C94: 392 | D94: 45546 | E94: 30 | F94: =D94+E94 -> 45576 | G94: =$A$3-F94 -> -11 | H94: =B94 -> 177600000
A95: PT RBFood Supply Indonesia | B95: 88800000 | C95: 422 | D95: 45553 | E95: 30 | F95: =D95+E95 -> 45583 | G95: =$A$3-F95 -> -18 | H95: =B95 -> 88800000
A97: PT CJ Cheiljedang Feed Lampung | B97: 79500000 | C97: 2424 | D97: 45552 | E97: 30 | F97: =D97+E97 -> 45582 | G97: =$A$3-F97 -> -17 | H97: =B97 -> 79500000
A98: PT CJ Cheiljedang Feed Lampung | B98: 79500000 | C98: 2425 | D98: 45552 | E98: 30 | F98: =D98+E98 -> 45582 | G98: =$A$3-F98 -> -17 | H98: =B98 -> 79500000
A99: PT CJ Cheiljedang Feed Lampung | B99: 47700000 | C99: 2426 | D99: 45552 | E99: 30 | F99: =D99+E99 -> 45582 | G99: =$A$3-F99 -> -17 | H99: =B99 -> 47700000
A100: PT CJ Cheiljedang Feed Lampung | B100: 57050000 | C100: 2427 | D100: 45552 | E100: 30 | F100: =D100+E100 -> 45582 | G100: =$A$3-F100 -> -17 | H100: =B100 -> 57050000
A101: PT CJ Cheiljedang Feed Lampung | B101: 3270000 | C101: 2428 | D101: 45552 | E101: 30 | F101: =D101+E101 -> 45582 | G101: =$A$3-F101 -> -17 | H101: =B101 -> 3270000
A102: PT CJ Cheiljedang Feed Lampung | B102: 24525000 | C102: 2435 | D102: 45553 | E102: 30 | F102: =D102+E102 -> 45583 | G102: =$A$3-F102 -> -18 | H102: =B102 -> 24525000
A103: PT CJ Cheiljedang Feed Lampung | B103: 65400000 | C103: 2436 | D103: 45553 | E103: 30 | F103: =D103+E103 -> 45583 | G103: =$A$3-F103 -> -18 | H103: =B103 -> 65400000
... A111: PT Sumber Energy | B111: 31635000 | C111: 413 | D111: 45549 | E111: 30 | F111: =D111+E111 -> 45579 | G111: =$A$3-F111 -> -14 | H111: =B111 -> 31635000
A113: PT Gemilang Primajaya Trimandiri | B113: 44259518 | C113: 294 | D113: 45504 | E113: 30 | F113: =D113+E113 -> 45534 | G113: =$A$3-F113 -> 31 | J113: =B113 -> 44259518
B114: 23558462 | C114: 393 | D114: 45546 | E114: 30 | F114: =D114+E114 -> 45576 | G114: =$A$3-F114 -> -11 | H114: =B114 -> 23558462
A116: PT Indonesia Makan Udang | B116: =66746778-22995056 -> 43751722 | D116: 45526 | E116: 30 | F116: =D116+E116 -> 45556 | G116: =$A$3-F116 -> 9 | I116: =B116 -> 43751722
A117: PT Indonesia Makan Udang | B117: 82810229 | C117: 342 | D117: 45532 | E117: 30 | F117: =D117+E117 -> 45562 | G117: =$A$3-F117 -> 3 | I117: =B117 -> 82810229
A118: PT Indonesia Makan Udang | B118: 260250221 | C118: 343 | D118: 45532 | E118: 30 | F118: =D118+E118 -> 45562 | G118: =$A$3-F118 -> 3 | I118: =B118 -> 260250221
A119: PT Indonesia Makan Udang | B119: 260393273 | C119: 352 | D119: 45534 | E119: 30 | F119: =D119+E119 -> 45564 | G119: =$A$3-F119 -> 1 | I119: =B119 -> 260393273
A120: PT Indonesia Makan Udang | B120: 284268646 | C120: 353 | D120: 45534 | E120: 30 | F120: =D120+E120 -> 45564 | G120: =$A$3-F120 -> 1 | I120: =B120 -> 284268646
A121: PT Indonesia Makan Udang | B121: 79473976 | C121: 354 | D121: 45534 | E121: 30 | F121: =D121+E121 -> 45564 | G121: =$A$3-F121 -> 1 | I121: =B121 -> 79473976
A122: PT Indonesia Makan Udang | B122: 236570150 | C122: 358 | D122: 45537 | E122: 30 | F122: =D122+E122 -> 45567 | G122: =$A$3-F122 -> -2 | H122: =B122 -> 236570150
A123: PT Indonesia Makan Udang | B123: 31230552 | C123: 364 | D123: 45540 | E123: 30 | F123: =D123+E123 -> 45570 | G123: =$A$3-F123 -> -5 | H123: =B123 -> 31230552
A124: PT Indonesia Makan Udang | B124: 233049683 | C124: 377 | D124: 45546 | E124: 30 | F124: =D124+E124 -> 45576 | G124: =$A$3-F124 -> -11 | H124: =B124 -> 233049683
A125: PT Indonesia Makan Udang | B125: 136671015 | C125: 387 | D125: 45548 | E125: 30 | F125: =D125+E125 -> 45578 | G125: =$A$3-F125 -> -13 | H125: =B125 -> 136671015
A126: PT Indonesia Makan Udang | B126: 234463203 | C126: 389 | D126: 45549 | E126: 30 | F126: =D126+E126 -> 45579 | G126: =$A$3-F126 -> -14 | H126: =B126 -> 234463203
A127: PT Indonesia Makan Udang | B127: 224854354 | C127: 390 | D127: 45549 | E127: 30 | F127: =D127+E127 -> 45579 | G127: =$A$3-F127 -> -14 | H127: =B127 -> 224854354
A129: Utomo Print | B129: 24775200 | C129: 349 | D129: 45533 | E129: 30 | F129: =D129+E129 -> 45563 | G129: =$A$3-F129 -> 2 | I129: =B129 -> 24775200
A130: Utomo Print | B130: 24499920 | C130: 381 | D130: 45542 | E130: 30 | F130: =D130+E130 -> 45572 | G130: =$A$3-F130 -> -7 | H130: =B130 -> 24499920
A131: Utomo Print | B131: 24465510 | C131: 382 | D131: 45542 | E131: 30 | F131: =D131+E131 -> 45572 | G131: =$A$3-F131 -> -7 | H131: =B131 -> 24465510
A132: Utomo Print | B132: 24499920 | C132: 383 | D132: 45542 | E132: 30 | F132: =D132+E132 -> 45572 | G132: =$A$3-F132 -> -7 | H132: =B132 -> 24499920
A133: Utomo Print | B133: 688200 | C133: 424 | D133: 45554 | E133: 30 | F133: =D133+E133 -> 45584 | G133: =$A$3-F133 -> -19 | H133: =B133 -> 688200
A134: Utomo Print | B134: 688200 | C134: 425 | D134: 45554 | E134: 30 | F134: =D134+E134 -> 45584 | G134: =$A$3-F134 -> -19 | H134: =B134 -> 688200
A135: Utomo Print | B135: 1120389 | C135: 426 | D135: 45554 | E135: 30 | F135: =D135+E135 -> 45584 | G135: =$A$3-F135 -> -19 | H135: =B135 -> 1120389
A136: Utomo Print | B136: 52275672 | C136: 427 | D136: 45554 | E136: 30 | F136: =D136+E136 -> 45584 | G136: =$A$3-F136 -> -19 | H136: =B136 -> 52275672
...

Sheet Piutang ISP Sept 24
A1: PT Indokom Samudra Persada
A2: Aging Piutang Dagang
A3: 45565
B4: =SUM(B8:B40) -> 1.5888229e+10 | H4: =SUM(H8:H40) -> 1.5860138e+10 | I4: =SUM(I8:I40) -> 28090775
C5: Invoice | G5: AGING
A6: Nama | B6: Nominal | C6: No | D6: Tanggal | E6: Jatuh Tempo | F6: Tanggal Jatuh Tempo | G6: Aging | H6: Lancar | I6: 1-30 Hari | J6: 31-60 Hari | K6: 61-90 Hari | L6: > 90 Hari
A7: Piutang Usaha - IDR
A8: Bapak Iwan-Es | B8: =13790000-9150000 -> 4640000 | D8: 45542 | E8: 30 | F8: =D8+E8 -> 45572 | G8: =$A$3-F8 -> -7 | H8: =B8 -> 4640000
A9: Bapak Iwan-Es | B9: 12120000 | C9: 993 | D9: 45549 | E9: 30 | F9: =D9+E9 -> 45579 | G9: =$A$3-F9 -> -14 | H9: =B9 -> 12120000
A10: Bapak Iwan-Es | B10: 15460000 | C10: 1017 | D10: 45556 | E10: 30 | F10: =D10+E10 -> 45586 | G10: =$A$3-F10 -> -21 | H10: =B10 -> 15460000
A11: Bapak Iwan-Es | B11: 10060000 | C11: 1037 | D11: 45563 | E11: 30 | F11: =D11+E11 -> 45593 | G11: =$A$3-F11 -> -28 | H11: =B11 -> 10060000
A13: Deska-ES | B13: 1680000 | C13: 1774 | D13: 45548 | E13: 30 | F13: =D13+E13 -> 45578 | G13: =$A$3-F13 -> -13 | H13: =B13 -> 1680000
A14: Deska-ES | B14: 1680000 | C14: 1779 | D14: 45549 | E14: 30 | F14: =D14+E14 -> 45579 | G14: =$A$3-F14 -> -14 | H14: =B14 -> 1680000
A15: Deska-ES | B15: 1260000 | C15: 1780 | D15: 45549 | E15: 30 | F15: =D15+E15 -> 45579 | G15: =$A$3-F15 -> -14 | H15: =B15 -> 1260000
A16: Deska-ES | B16: 1260000 | C16: 1781 | D16: 45549 | E16: 30 | F16: =D16+E16 -> 45579 | G16: =$A$3-F16 -> -14 | H16: =B16 -> 1260000
A17: Deska-ES | B17: 1680000 | C17: 1784 | D17: 45550 | E17: 30 | F17: =D17+E17 -> 45580 | G17: =$A$3-F17 -> -15 | H17: =B17 -> 1680000
A18: Deska-ES | B18: 1260000 | C18: 1785 | D18: 45550 | E18: 30 | F18: =D18+E18 -> 45580 | G18: =$A$3-F18 -> -15 | H18: =B18 -> 1260000
A19: Deska-ES | B19: 1680000 | C19: 1789 | D19: 45551 | E19: 30 | F19: =D19+E19 -> 45581 | G19: =$A$3-F19 -> -16 | H19: =B19 -> 1680000
A20: Deska-ES | B20: 1260000 | C20: 1790 | D20: 45551 | E20: 30 | F20: =D20+E20 -> 45581 | G20: =$A$3-F20 -> -16 | H20: =B20 -> 1260000
A21: Deska-ES | B21: 1680000 | C21: 1790 | D21: 45551 | E21: 30 | F21: =D21+E21 -> 45581 | G21: =$A$3-F21 -> -16 | H21: =B21 -> 1680000
A22: Deska-ES | B22: 1680000 | C22: 1849 | D22: 45563 | E22: 30 | F22: =D22+E22 -> 45593 | G22: =$A$3-F22 -> -28 | H22: =B22 -> 1680000
A24: Piutang Lain-lain di bawah Rp 20.000.000,- IDR | B24: 28090775 | I24: =B24 -> 28090775
A26: Piutang Usaha - USD
A27: Censea Inc | B27: 1663225600 | D27: 45555 | E27: 60 | F27: =D27+E27 -> 45615 | G27: =$A$3-F27 -> -50 | H27: =B27 -> 1663225600
A28: Censea Inc | B28: =1570673445-23956859 -> 1546716586 | D28: 45559 | E28: 60 | F28: =D28+E28 -> 45619 | G28: =$A$3-F28 -> -54 | H28: =B28 -> 1546716586
A29: Censea Inc | B29: 1956962250 | D29: 45569 | E29: 60 | F29: =D29+E29 -> 45629 | G29: =$A$3-F29 -> -64 | H29: =B29 -> 1956962250
A30: Censea Inc | B30: 1916539200 | D30: 45576 | E30: 60 | F30: =D30+E30 -> 45636 | G30: =$A$3-F30 -> -71 | H30: =B30 -> 1916539200
A32: Honsui Corporation | B32: 1509175660 | D32: 45580 | E32: 60 | F32: =D32+E32 -> 45640 | G32: =$A$3-F32 -> -75 | H32: =B32 -> 1509175660
A33: Honsui Corporation | B33: =1232713219-16074457 -> 1216638762 | C33: 33 | D33: 45553 | E33: 60 | F33: =D33+E33 -> 45613 | G33: =$A$3-F33 -> -48 | H33: =B33 -> 1216638762
A35: Kyo Kuyo Co, Ltd | B35: 1589028594 | C35: 30 | D35: 45546 | E35: 60 | F35: =D35+E35 -> 45606 | G35: =$A$3-F35 -> -41 | H35: =B35 -> 1589028594
A37: Nissui Corporation | B37: 2.507554e+09 | D37: 45581 | E37: 60 | F37: =D37+E37 -> 45641 | G37: =$A$3-F37 -> -76 | H37: =B37 -> 2.507554e+09
A38: Nissui Corporation | B38: =1902912102-6014734 -> 1896897368 | C38: 36 | D38: 45560 | E38: 60 | F38: =D38+E38 -> 45620 | G38: =$A$3-F38 -> -55 | H38: =B38 -> 1896897368
A41: Deska / WMM Es -IDR | B41: 1680000 | C41: 1774 | D41: 45548 | E41: 60 | F41: =D41+E41 -> 45608 | G41: =$A$3-F41 -> -43 | H41: =B41 -> 1680000
A42: Deska / WMM Es -IDR | B42: 1680000 | C42: 1779 | D42: 45549 | E42: 60 | F42: =D42+E42 -> 45609 | G42: =$A$3-F42 -> -44 | H42: =B42 -> 1680000
A43: Deska / WMM Es -IDR | B43: 1260000 | C43: 1780 | D43: 45549 | E43: 60 | F43: =D43+E43 -> 45609 | G43: =$A$3-F43 -> -44 | H43: =B43 -> 1260000
A44: Deska / WMM Es -IDR | B44: 1260000 | C44: 1781 | D44: 45549 | E44: 60 | F44: =D44+E44 -> 45609 | G44: =$A$3-F44 -> -44 | H44: =B44 -> 1260000
A45: Deska / WMM Es -IDR | B45: 1680000 | C45: 1784 | D45: 45550 | E45: 60 | F45: =D45+E45 -> 45610 | G45: =$A$3-F45 -> -45 | H45: =B45 -> 1680000
A46: Deska / WMM Es -IDR | B46: 1260000 | C46: 1785 | D46: 45550 | E46: 60 | F46: =D46+E46 -> 45610 | G46: =$A$3-F46 -> -45 | H46: =B46 -> 1260000
A47: Deska / WMM Es -IDR | B47: 1680000 | C47: 1789 | D47: 45551 | E47: 60 | F47: =D47+E47 -> 45611 | G47: =$A$3-F47 -> -46 | H47: =B47 -> 1680000
A48: Deska / WMM Es -IDR | B48: 1260000 | C48: 1790 | D48: 45551 | E48: 60 | F48: =D48+E48 -> 45611 | G48: =$A$3-F48 -> -46 | H48: =B48 -> 1260000
A49: Deska / WMM Es -IDR | B49: 1680000 | C49: 1793 | D49: 45551 | E49: 60 | F49: =D49+E49 -> 45611 | G49: =$A$3-F49 -> -46 | H49: =B49 -> 1680000
A50: Deska / WMM Es -IDR | B50: 1680000 | C50: 1849 | D50: 45563 | E50: 60 | F50: =D50+E50 -> 45623 | G50: =$A$3-F50 -> -58 | H50: =B50 -> 1680000

Sheet Hutang Usaha IAS Juni 24
A1: Aging Hutang Usaha & Subsequent
A2: PT Indo American Seafoods
A3: 45473
A5: Nama | B5: Nominal | C5: No Invoice | D5: Tgl Invoice | E5: Jatuh Tempo | F5: Tgl Jatuh Tempo | G5: Aging | H5: Lancar | I5: 1-30 Hari | J5: 31-60 Hari | K5: 61-90 Hari | L5: >90 Hari
A6: PT International Packaging Manufacturing | B6: 194250000 | C6: 459 | D6: 45075 | E6: 30 | F6: =D6+E6 -> 45105 | G6: =$A$3-F6 -> 368 | L6: =B6 -> 194250000
A8: PT Konverta Mitra Abadi | B8: =958485+11 -> 958496 | C8: 321 | D8: 45417 | E8: 30 | F8: =D8+E8 -> 45447 | G8: =$A$3-F8 -> 26 | I8: =B8 -> 958496
A9: PT Konverta Mitra Abadi | B9: 223909 | C9: 322 | D9: 45417 | E9: 30 | F9: =D9+E9 -> 45447 | G9: =$A$3-F9 -> 26 | I9: =B9 -> 223909
A10: PT Konverta Mitra Abadi | B10: 1282050 | C10: 323 | D10: 45417 | E10: 30 | F10: =D10+E10 -> 45447 | G10: =$A$3-F10 -> 26 | I10: =B10 -> 1282050
A11: PT Konverta Mitra Abadi | B11: 6205122 | C11: 334 | D11: 45420 | E11: 30 | F11: =D11+E11 -> 45450 | G11: =$A$3-F11 -> 23 | I11: =B11 -> 6205122
A12: PT Konverta Mitra Abadi | B12: 7272720 | C12: 335 | D12: 45420 | E12: 30 | F12: =D12+E12 -> 45450 | G12: =$A$3-F12 -> 23 | I12: =B12 -> 7272720
A13: PT Konverta Mitra Abadi | B13: 5011650 | C13: 336 | D13: 45420 | E13: 30 | F13: =D13+E13 -> 45450 | G13: =$A$3-F13 -> 23 | I13: =B13 -> 5011650
A14: PT Konverta Mitra Abadi | B14: 27512793 | C14: 337 | D14: 45420 | E14: 30 | F14: =D14+E14 -> 45450 | G14: =$A$3-F14 -> 23 | I14: =B14 -> 27512793
A15: PT Konverta Mitra Abadi | B15: 3775054 | C15: 338 | D15: 45420 | E15: 30 | F15: =D15+E15 -> 45450 | G15: =$A$3-F15 -> 23 | I15: =B15 -> 3775054
A16: PT Konverta Mitra Abadi | B16: 8811180 | C16: 339 | D16: 45420 | E16: 30 | F16: =D16+E16 -> 45450 | G16: =$A$3-F16 -> 23 | I16: =B16 -> 8811180
A17: PT Konverta Mitra Abadi | B17: 4623771 | C17: 346 | D17: 45425 | E17: 30 | F17: =D17+E17 -> 45455 | G17: =$A$3-F17 -> 18 | I17: =B17 -> 4623771
A18: PT Konverta Mitra Abadi | B18: 16516800 | C18: 355 | D18: 45427 | E18: 30 | F18: =D18+E18 -> 45457 | G18: =$A$3-F18 -> 16 | I18: =B18 -> 16516800
A19: PT Konverta Mitra Abadi | B19: 3104892 | C19: 371 | D19: 45431 | E19: 30 | F19: =D19+E19 -> 45461 | G19: =$A$3-F19 -> 12 | I19: =B19 -> 3104892
A20: PT Konverta Mitra Abadi | B20: 7171044 | C20: 372 | D20: 45431 | E20: 30 | F20: =D20+E20 -> 45461 | G20: =$A$3-F20 -> 12 | I20: =B20 -> 7171044
... A23: PT Konverta Mitra Abadi | B23: 6118875 | C23: 400 | D23: 45442 | E23: 30 | F23: =D23+E23 -> 45472 | G23: =$A$3-F23 -> 1 | I23: =B23 -> 6118875
A24: PT Konverta Mitra Abadi | B24: 4198575 | C24: 404 | D24: 45443 | E24: 30 | F24: =D24+E24 -> 45473 | G24: =$A$3-F24 -> 0 | H24: =B24 -> 4198575
A25: PT Konverta Mitra Abadi | B25: 7557235 | C25: 405 | D25: 45443 | E25: 30 | F25: =D25+E25 -> 45473 | G25: =$A$3-F25 -> 0 | H25: =B25 -> 7557235
A26: PT Konverta Mitra Abadi | B26: 7109550 | C26: 410 | D26: 45446 | E26: 30 | F26: =D26+E26 -> 45476 | G26: =$A$3-F26 -> -3 | H26: =B26 -> 7109550
A27: PT Konverta Mitra Abadi | B27: 8510481 | C27: 411 | D27: 45446 | E27: 30 | F27: =D27+E27 -> 45476 | G27: =$A$3-F27 -> -3 | H27: =B27 -> 8510481
A28: PT Konverta Mitra Abadi | B28: 7226100 | C28: 412 | D28: 45446 | E28: 30 | F28: =D28+E28 -> 45476 | G28: =$A$3-F28 -> -3 | H28: =B28 -> 7226100
A29: PT Konverta Mitra Abadi | B29: 16516800 | C29: 416 | D29: 45448 | E29: 30 | F29: =D29+E29 -> 45478 | G29: =$A$3-F29 -> -5 | H29: =B29 -> 16516800
A30: PT Konverta Mitra Abadi | B30: 8031460 | C30: 417 | D30: 45448 | E30: 30 | F30: =D30+E30 -> 45478 | G30: =$A$3-F30 -> -5 | H30: =B30 -> 8031460
A31: PT Konverta Mitra Abadi | B31: 23742900 | C31: 420 | D31: 45450 | E31: 30 | F31: =D31+E31 -> 45480 | G31: =$A$3-F31 -> -7 | H31: =B31 -> 23742900
A32: PT Konverta Mitra Abadi | B32: 754800 | C32: 421 | D32: 45450 | E32: 30 | F32: =D32+E32 -> 45480 | G32: =$A$3-F32 -> -7 | H32: =B32 -> 754800
A34: RBFood Manufaktur Indonesia, PT | B34: 38850000 | C34: 295 | D34: 45406 | E34: 30 | F34: =D34+E34 -> 45436 | G34: =$A$3-F34 -> 37 | J34: =B34 -> 38850000
A35: RBFood Manufaktur Indonesia, PT | B35: 98679000 | C35: 296 | D35: 45406 | E35: 30 | F35: =D35+E35 -> 45436 | G35: =$A$3-F35 -> 37 | J35: =B35 -> 98679000
A36: RBFood Manufaktur Indonesia, PT | B36: 98679000 | C36: 393 | D36: 45440 | E36: 30 | F36: =D36+E36 -> 45470 | G36: =$A$3-F36 -> 3 | I36: =B36 -> 98679000
A37: RBFood Manufaktur Indonesia, PT | B37: 97902000 | C37: 394 | D37: 45440 | E37: 30 | F37: =D37+E37 -> 45470 | G37: =$A$3-F37 -> 3 | I37: =B37 -> 97902000
A39: PT RBFood Supply Indonesia | B39: 88800000 | C39: 390 | D39: 45440 | E39: 30 | F39: =D39+E39 -> 45470 | G39: =$A$3-F39 -> 3 | I39: =B39 -> 88800000
A40: PT RBFood Supply Indonesia | B40: 88800000 | C40: 391 | D40: 45440 | E40: 30 | F40: =D40+E40 -> 45470 | G40: =$A$3-F40 -> 3 | I40: =B40 -> 88800000
A41: PT RBFood Supply Indonesia | B41: 2886000 | C41: 392 | D41: 45440 | E41: 30 | F41: =D41+E41 -> 45470 | G41: =$A$3-F41 -> 3 | I41: =B41 -> 2886000
A42: PT RBFood Supply Indonesia | B42: 28860000 | C42: 419 | D42: 45450 | E42: 30 | F42: =D42+E42 -> 45480 | G42: =$A$3-F42 -> -7 | H42: =B42 -> 28860000
A43: PT RBFood Supply Indonesia | B43: 25974000 | C43: 425 | D43: 45454 | E43: 30 | F43: =D43+E43 -> 45484 | G43: =$A$3-F43 -> -11 | H43: =B43 -> 25974000
A45: Mitra Lestari Mandiri | B45: 310550250 | C45: 16 | D45: 45293 | E45: 30 | F45: =D45+E45 -> 45323 | G45: =$A$3-F45 -> 150 | L45: =B45 -> 310550250
A46: Mitra Lestari Mandiri | B46: 44622000 | C46: 46 | D46: 45306 | E46: 30 | F46: =D46+E46 -> 45336 | G46: =$A$3-F46 -> 137 | L46: =B46 -> 44622000
A47: Mitra Lestari Mandiri | B47: 37000000 | C47: 193 | D47: 45348 | E47: 30 | F47: =D47+E47 -> 45378 | G47: =$A$3-F47 -> 95 | L47: =B47 -> 37000000
A48: Mitra Lestari Mandiri | B48: 4070000 | C48: 203 | D48: 45352 | E48: 30 | F48: =D48+E48 -> 45382 | G48: =$A$3-F48 -> 91 | L48: =B48 -> 4070000
A49: Mitra Lestari Mandiri | B49: 51615000 | C49: 293 | D49: 45406 | E49: 30 | F49: =D49+E49 -> 45436 | G49: =$A$3-F49 -> 37 | J49: =B49 -> 51615000
A50: Mitra Lestari Mandiri | B50: 30802500 | C50: 366 | D50: 45430 | E50: 30 | F50: =D50+E50 -> 45460 | G50: =$A$3-F50 -> 13 | I50: =B50 -> 30802500
A52: Grahamakmur Ciptapratama | B52: =353673600-9055934 -> 344617666 | C52: 27 | D52: 45398 | E52: 30 | F52: =D52+E52 -> 45428 | G52: =$A$3-F52 -> 45 | J52: =B52 -> 344617666
A53: Grahamakmur Ciptapratama | B53: 95071761 | C53: 45 | D53: 45433 | E53: 30 | F53: =D53+E53 -> 45463 | G53: =$A$3-F53 -> 10 | I53: =B53 -> 95071761
A54: Grahamakmur Ciptapratama | B54: 193666359 | C54: 46 | D54: 45433 | E54: 30 | F54: =D54+E54 -> 45463 | G54: =$A$3-F54 -> 10 | I54: =B54 -> 193666359
A56: PT Gemilang Primajaya Trimandiri | B56: 66403042 | C56: 427 | D56: 45454 | E56: 30 | F56: =D56+E56 -> 45484 | G56: =$A$3-F56 -> -11 | H56: =B56 -> 66403042
A58: PT Indonesia Makan Udang | B58: 239893575 | C58: 159 | D58: 45432 | E58: 30 | F58: =D58+E58 -> 45462 | G58: =$A$3-F58 -> 11 | I58: =B58 -> 239893575
A59: PT Indonesia Makan Udang | B59: 2.7268681e+08 | C59: 160 | D59: 45432 | E59: 30 | F59: =D59+E59 -> 45462 | G59: =$A$3-F59 -> 11 | I59: =B59 -> 2.7268681e+08
A60: PT Indonesia Makan Udang | B60: 81018717 | C60: 161 | D60: 45433 | E60: 30 | F60: =D60+E60 -> 45463 | G60: =$A$3-F60 -> 10 | I60: =B60 -> 81018717
A61: PT Indonesia Makan Udang | B61: 38975244 | C61: 162 | D61: 45433 | E61: 30 | F61: =D61+E61 -> 45463 | G61: =$A$3-F61 -> 10 | I61: =B61 -> 38975244
A62: PT Indonesia Makan Udang | B62: 1.0766183e+08 | C62: 164 | D62: 45434 | E62: 30 | F62: =D62+E62 -> 45464 | G62: =$A$3-F62 -> 9 | I62: =B62 -> 1.0766183e+08
A63: PT Indonesia Makan Udang | B63: 72964185 | C63: 166 | D63: 45435 | E63: 30 | F63: =D63+E63 -> 45465 | G63: =$A$3-F63 -> 8 | I63: =B63 -> 72964185
A64: PT Indonesia Makan Udang | B64: 60230851 | C64: 167 | D64: 45435 | E64: 30 | F64: =D64+E64 -> 45465 | G64: =$A$3-F64 -> 8 | I64: =B64 -> 60230851
A65: PT Indonesia Makan Udang | B65: 2.1103761e+08 | C65: 173 | D65: 45439 | E65: 30 | F65: =D65+E65 -> 45469 | G65: =$A$3-F65 -> 4 | I65: =B65 -> 2.1103761e+08
A66: PT Indonesia Makan Udang | B66: 2.7908921e+08 | C66: 174 | D66: 45440 | E66: 30 | F66: =D66+E66 -> 45470 | G66: =$A$3-F66 -> 3 | I66: =B66 -> 2.7908921e+08
A67: PT Indonesia Makan Udang | B67: 1.5166201e+08 | C67: 175 | D67: 45441 | E67: 30 | F67: =D67+E67 -> 45471 | G67: =$A$3-F67 -> 2 | I67: =B67 -> 1.5166201e+08
A68: PT Indonesia Makan Udang | B68: 1.6155463e+08 | C68: 176 | D68: 45441 | E68: 30 | F68: =D68+E68 -> 45471 | G68: =$A$3-F68 -> 2 | I68: =B68 -> 1.6155463e+08
A69: PT Indonesia Makan Udang | B69: 3.074284e+08 | C69: 177 | D69: 45443 | E69: 30 | F69: =D69+E69 -> 45473 | G69: =$A$3-F69 -> 0 | H69: =B69 -> 3.074284e+08
A70: PT Indonesia Makan Udang | B70: 73411952 | C70: 179 | D70: 45443 | E70: 30 | F70: =D70+E70 -> 45473 | G70: =$A$3-F70 -> 0 | H70: =B70 -> 73411952
A71: PT Indonesia Makan Udang | B71: 47587925 | C71: 183 | D71: 45443 | E71: 30 | F71: =D71+E71 -> 45473 | G71: =$A$3-F71 -> 0 | H71: =B71 -> 47587925
A72: PT Indonesia Makan Udang | B72: 98733079 | C72: 184 | D72: 45446 | E72: 30 | F72: =D72+E72 -> 45476 | G72: =$A$3-F72 -> -3 | H72: =B72 -> 98733079
A73: PT Indonesia Makan Udang | B73: 3.5891371e+08 | C73: 185 | D73: 45446 | E73: 30 | F73: =D73+E73 -> 45476 | G73: =$A$3-F73 -> -3 | H73: =B73 -> 3.5891371e+08
A74: PT Indonesia Makan Udang | B74: 79209028 | C74: 188 | D74: 45447 | E74: 30 | F74: =D74+E74 -> 45477 | G74: =$A$3-F74 -> -4 | H74: =B74 -> 79209028
A75: PT Indonesia Makan Udang | B75: 2.478631e+08 | C75: 189 | D75: 45447 | E75: 30 | F75: =D75+E75 -> 45477 | G75: =$A$3-F75 -> -4 | H75: =B75 -> 2.478631e+08
A76: PT Indonesia Makan Udang | B76: 1.0521102e+08 | C76: 192 | D76: 45448 | E76: 30 | F76: =D76+E76 -> 45478 | G76: =$A$3-F76 -> -5 | H76: =B76 -> 1.0521102e+08
A77: PT Indonesia Makan Udang | B77: 20735276 | C77: 200 | D77: 45450 | E77: 30 | F77: =D77+E77 -> 45480 | G77: =$A$3-F77 -> -7 | H77: =B77 -> 20735276
A78: PT Indonesia Makan Udang | B78: 1.0353124e+08 | C78: 201 | D78: 45450 | E78: 30 | F78: =D78+E78 -> 45480 | G78: =$A$3-F78 -> -7 | H78: =B78 -> 1.0353124e+08
A79: PT Indonesia Makan Udang | B79: 2.4929895e+08 | C79: 208 | D79: 45451 | E79: 30 | F79: =D79+E79 -> 45481 | G79: =$A$3-F79 -> -8 | H79: =B79 -> 2.4929895e+08
A80: PT Indonesia Makan Udang | B80: 2.1163446e+08 | C80: 212 | D80: 45455 | E80: 30 | F80: =D80+E80 -> 45485 | G80: =$A$3-F80 -> -12 | H80: =B80 -> 2.1163446e+08
... A95: Nerimo Ing Pandum, CV | B95: 75690298 | C95: 227 | D95: 45465 | E95: 30 | F95: =D95+E95 -> 45495 | G95: =$A$3-F95 -> -22 | H95: =B95 -> 75690298
A97: Utomo Print | B97: 34128637 | C97: 394 | D97: 45441 | E97: 30 | F97: =D97+E97 -> 45471 | G97: =$A$3-F97 -> 2 | I97: =B97 -> 34128637
A99: PT Sinergy Indopack Makmur | B99: 23976000 | C99: 24 | D99: 45300 | E99: 30 | F99: =D99+E99 -> 45330 | G99: =$A$3-F99 -> 143 | L99: =B99 -> 23976000
A101: CV Beltraco | B101: 21845910 | C101: 128 | D101: 45324 | E101: 30 | F101: =D101+E101 -> 45354 | G101: =$A$3-F101 -> 119 | L101: =B101 -> 21845910
A102: CV Beltraco | B102: 452880 | C102: 161 | D102: 45335 | E102: 30 | F102: =D102+E102 -> 45365 | G102: =$A$3-F102 -> 108 | L102: =B102 -> 452880
A103: CV Beltraco | B103: 25213483 | C103: 370 | D103: 45430 | E103: 30 | F103: =D103+E103 -> 45460 | G103: =$A$3-F103 -> 13 | I103: =B103 -> 25213483
A105: Nusa Jaya | B105: 650000 | C105: 301 | D105: 45407 | E105: 30 | F105: =D105+E105 -> 45437 | G105: =$A$3-F105 -> 36 | J105: =B105 -> 650000
A106: Nusa Jaya | B106: 80000 | C106: 348 | D106: 45426 | E106: 30 | F106: =D106+E106 -> 45456 | G106: =$A$3-F106 -> 17 | I106: =B106 -> 80000
A107: Nusa Jaya | B107: 2075000 | C107: 388 | D107: 45440 | E107: 30 | F107: =D107+E107 -> 45470 | G107: =$A$3-F107 -> 3 | I107: =B107 -> 2075000
A108: Nusa Jaya | B108: 2050000 | C108: 440 | D108: 45462 | E108: 30 | F108: =D108+E108 -> 45492 | G108: =$A$3-F108 -> -19 | H108: =B108 -> 2050000
A109: Nusa Jaya | B109: 590000 | C109: 442 | D109: 45465 | E109: 30 | F109: =D109+E109 -> 45495 | G109: =$A$3-F109 -> -22 | H109: =B109 -> 590000
A110: Nusa Jaya | B110: 1370000 | C110: 445 | D110: 45469 | E110: 30 | F110: =D110+E110 -> 45499 | G110: =$A$3-F110 -> -26 | H110: =B110 -> 1370000
A112: Sumatra Motor Teknindo, PT | B112: 1665000 | C112: 357 | D112: 45428 | E112: 30 | F112: =D112+E112 -> 45458 | G112: =$A$3-F112 -> 15 | I112: =B112 -> 1665000
A113: Sumatra Motor Teknindo, PT | B113: =508935+900 -> 509835 | C113: 358 | D113: 45428 | E113: 30 | F113: =D113+E113 -> 45458 | G113: =$A$3-F113 -> 15 | I113: =B113 -> 509835
A114: Sumatra Motor Teknindo, PT | B114: 562770 | C114: 359 | D114: 45428 | E114: 30 | F114: =D114+E114 -> 45458 | G114: =$A$3-F114 -> 15 | I114: =B114 -> 562770
A115: Sumatra Motor Teknindo, PT | B115: 333000 | C115: 360 | D115: 45428 | E115: 30 | F115: =D115+E115 -> 45458 | G115: =$A$3-F115 -> 15 | I115: =B115 -> 333000
A117: Indoplast Jaya Sukses Makmur, PT | B117: 11855528 | C117: 413 | D117: 45446 | E117: 30 | F117: =D117+E117 -> 45476 | G117: =$A$3-F117 -> -3 | H117: =B117 -> 11855528
A118: Indoplast Jaya Sukses Makmur, PT | B118: 13877220 | C118: 422 | D118: 45451 | E118: 30 | F118: =D118+E118 -> 45481 | G118: =$A$3-F118 -> -8 | H118: =B118 -> 13877220
A120: Dinamika Lubsindo Utama, PT | B120: 11094849 | C120: 149 | D120: 45330 | E120: 30 | F120: =D120+E120 -> 45360 | G120: =$A$3-F120 -> 113 | L120: =B120 -> 11094849
A121: Dinamika Lubsindo Utama, PT | B121: 11094849 | C121: 344 | D121: 45425 | E121: 30 | F121: =D121+E121 -> 45455 | G121: =$A$3-F121 -> 18 | I121: =B121 -> 11094849
A122: Dinamika Lubsindo Utama, PT | B122: 11094849 | C122: 426 | D122: 45454 | E122: 30 | F122: =D122+E122 -> 45484 | G122: =$A$3-F122 -> -11 | H122: =B122 -> 11094849
A124: Lain-lain (masing-masing di bawah Rp 20.000.000) | B124: 96818896 | I124: =B124 -> 96818896
B126: =SUM(B6:B124) -> 7.3767189e+09 | H126: =SUM(H6:H124) -> 3.5404012e+09 | I126: =SUM(I6:I124) -> 2.6540442e+09 | J126: =SUM(J6:J124) -> 534411666 | K126: =SUM(K6:K124) -> 0 | L126: =SUM(L6:L124) -> 647861889

Sheet Hutang Usaha ISP Juni 2024
A1: Aging Hutang Usaha & Subsequent | C1: 1.3631678e+08
A2: PT Indokom Samudra Persada | C2: 1.127372e+08 | E2: 1397055565
A3: 45473 | C3: 1.1088466e+08 | E3: 1379797867 | F3: =E2-E3 -> 17257698
C4: =SUM(C1:C3) -> 3.5993865e+08 | D4: 500000000 | E4: =D4-C4 -> 1.4006135e+08
A5: Nama | B5: Nominal | C5: No Invoice | D5: Tgl Invoice | E5: Jatuh Tempo | F5: Tgl Jatuh Tempo | G5: Aging | H5: Lancar | I5: 1-30 Hari | J5: 31-60 Hari | K5: 61-90 Hari | L5: >90 Hari
A6: Bapak Cipto | B6: 11942115 | I6: =B6 -> 11942115
A8: Gemilang Primajaya Trimandiri, PT | B8: 11955410 | C8: 184 | D8: 45454 | E8: 30 | F8: =D8+E8 -> 45484 | G8: =$A$3-F8 -> -11 | H8: =B8 -> 11955410
A9: Gemilang Primajaya Trimandiri, PT | B9: 14129856 | C9: 20 | D9: 45408 | E9: 30 | F9: =D9+E9 -> 45438 | G9: =$A$3-F9 -> 35 | J9: =B9 -> 14129856
A11: Halim Sakti Pratama, PT | B11: 1720500 | C11: 27 | D11: 45457 | E11: 30 | F11: =D11+E11 -> 45487 | G11: =$A$3-F11 -> -14 | H11: =B11 -> 1720500
A13: Intiragam Oliefindo, PT | B13: 24975000 | C13: 92 | D13: 45352 | E13: 30 | F13: =D13+E13 -> 45382 | G13: =$A$3-F13 -> 91 | L13: =B13 -> 24975000
A14: Intiragam Oliefindo, PT | B14: 24975000 | C14: 156 | D14: 45428 | E14: 30 | F14: =D14+E14 -> 45458 | G14: =$A$3-F14 -> 15 | I14: =B14 -> 24975000
A16: Konverta Mitra Abadi, PT | B16: =21247176-93963 -> 21153213 | C16: 147 | D16: 45426 | E16: 30 | F16: =D16+E16 -> 45456 | G16: =$A$3-F16 -> 17 | I16: =B16 -> 21153213
A17: Konverta Mitra Abadi, PT | B17: 8135822 | C17: 159 | D17: 45431 | E17: 30 | F17: =D17+E17 -> 45461 | G17: =$A$3-F17 -> 12 | I17: =B17 -> 8135822
A18: Konverta Mitra Abadi, PT | B18: 15409686 | C18: 160 | D18: 45431 | E18: 30 | F18: =D18+E18 -> 45461 | G18: =$A$3-F18 -> 12 | I18: =B18 -> 15409686
A19: Konverta Mitra Abadi, PT | B19: 6643350 | C19: 161 | D19: 45431 | E19: 30 | F19: =D19+E19 -> 45461 | G19: =$A$3-F19 -> 12 | I19: =B19 -> 6643350
A20: Konverta Mitra Abadi, PT | B20: 7606830 | C20: 162 | D20: 45431 | E20: 30 | F20: =D20+E20 -> 45461 | G20: =$A$3-F20 -> 12 | I20: =B20 -> 7606830
A21: Konverta Mitra Abadi, PT | B21: 6808185 | C21: 172 | D21: 45446 | E21: 30 | F21: =D21+E21 -> 45476 | G21: =$A$3-F21 -> -3 | H21: =B21 -> 6808185
A22: Konverta Mitra Abadi, PT | B22: 8223768 | C22: 173 | D22: 45446 | E22: 30 | F22: =D22+E22 -> 45476 | G22: =$A$3-F22 -> -3 | H22: =B22 -> 8223768
A23: Konverta Mitra Abadi, PT | B23: 8741250 | C23: 174 | D23: 45446 | E23: 30 | F23: =D23+E23 -> 45476 | G23: =$A$3-F23 -> -3 | H23: =B23 -> 8741250
A24: Konverta Mitra Abadi, PT | B24: 21058920 | C24: 179 | D24: 45448 | E24: 30 | F24: =D24+E24 -> 45478 | G24: =$A$3-F24 -> -5 | H24: =B24 -> 21058920
A25: Konverta Mitra Abadi, PT | B25: 2910420 | C25: 180 | D25: 45448 | E25: 30 | F25: =D25+E25 -> 45478 | G25: =$A$3-F25 -> -5 | H25: =B25 -> 2910420
A26: Konverta Mitra Abadi, PT | B26: 3732930 | C26: 181 | D26: 45450 | E26: 30 | F26: =D26+E26 -> 45480 | G26: =$A$3-F26 -> -7 | H26: =B26 -> 3732930
A27: Konverta Mitra Abadi, PT | B27: 7080412 | C27: 197 | D27: 45463 | E27: 30 | F27: =D27+E27 -> 45493 | G27: =$A$3-F27 -> -20 | H27: =B27 -> 7080412
A28: Konverta Mitra Abadi, PT | B28: 8974350 | C28: 201 | D28: 45468 | E28: 30 | F28: =D28+E28 -> 45498 | G28: =$A$3-F28 -> -25 | H28: =B28 -> 8974350
A29: Konverta Mitra Abadi, PT | B29: 8223768 | C29: 202 | D29: 45468 | E29: 30 | F29: =D29+E29 -> 45498 | G29: =$A$3-F29 -> -25 | H29: =B29 -> 8223768
A30: Konverta Mitra Abadi, PT | B30: 1408590 | C30: 203 | D30: 45468 | E30: 30 | F30: =D30+E30 -> 45498 | G30: =$A$3-F30 -> -25 | H30: =B30 -> 1408590
A31: Konverta Mitra Abadi, PT | B31: 6643350 | C31: 204 | D31: 45468 | E31: 30 | F31: =D31+E31 -> 45498 | G31: =$A$3-F31 -> -25 | H31: =B31 -> 6643350
A33: Lima Pendawa, CV | B33: 22200000 | C33: 134 | D33: 45406 | E33: 30 | F33: =D33+E33 -> 45436 | G33: =$A$3-F33 -> 37 | J33: =B33 -> 22200000
A35: R&B FOOD SUPPLY CO, LTD, | B35: 142080000 | C35: 183 | D35: 45454 | E35: 30 | F35: =D35+E35 -> 45484 | G35: =$A$3-F35 -> -11 | H35: =B35 -> 142080000
A37: Samara Cipta Solution, CV | B37: 71748180 | C37: 74 | D37: 45345 | E37: 30 | F37: =D37+E37 -> 45375 | G37: =$A$3-F37 -> 98 | L37: =B37 -> 71748180
A38: Samara Cipta Solution, CV | B38: 19094220 | C38: 133 | D38: 45406 | E38: 30 | F38: =D38+E38 -> 45436 | G38: =$A$3-F38 -> 37 | J38: =B38 -> 19094220
A40: Seven Mountain Internasional, PT | B40: 22255500 | C40: 155 | D40: 45428 | E40: 30 | F40: =D40+E40 -> 45458 | G40: =$A$3-F40 -> 15 | I40: =B40 -> 22255500
A41: Seven Mountain Internasional, PT | B41: 7603500 | C41: 189 | D41: 45455 | E41: 30 | F41: =D41+E41 -> 45485 | G41: =$A$3-F41 -> -12 | H41: =B41 -> 7603500
A43: Sinar Panca Surya, PT | B43: 24195780 | C43: 194 | D43: 45458 | E43: 30 | F43: =D43+E43 -> 45488 | G43: =$A$3-F43 -> -15 | H43: =B43 -> 24195780
A44: Sinar Panca Surya, PT | B44: 24215760 | C44: 205 | D44: 45468 | E44: 30 | F44: =D44+E44 -> 45498 | G44: =$A$3-F44 -> -25 | H44: =B44 -> 24215760
A45: Sinar Panca Surya, PT | B45: 48951000 | C45: 209 | D45: 45470 | E45: 30 | F45: =D45+E45 -> 45500 | G45: =$A$3-F45 -> -27 | H45: =B45 -> 48951000
A47: Sinar Setia Mulia , PT | B47: 42400000 | C47: 21 | D47: 45422 | E47: 30 | F47: =D47+E47 -> 45452 | G47: =$A$3-F47 -> 21 | I47: =B47 -> 42400000
A49: Sumber Energy, PT | B49: 27000000 | C49: 141 | D49: 45419 | E49: 30 | F49: =D49+E49 -> 45449 | G49: =$A$3-F49 -> 24 | I49: =B49 -> 27000000
A51: UTOMO PRINT SUKSES,PT | B51: 22477722 | C51: 196 | D51: 45462 | E51: 30 | F51: =D51+E51 -> 45492 | G51: =$A$3-F51 -> -19 | H51: =B51 -> 22477722
A52: UTOMO PRINT SUKSES,PT | B52: 3707400 | C52: 212 | D52: 45471 | E52: 30 | F52: =D52+E52 -> 45501 | G52: =$A$3-F52 -> -28 | H52: =B52 -> 3707400
A53: UTOMO PRINT SUKSES,PT | B53: 6482400 | C53: 213 | D53: 45471 | E53: 30 | F53: =D53+E53 -> 45501 | G53: =$A$3-F53 -> -28 | H53: =B53 -> 6482400
A54: UTOMO PRINT SUKSES,PT | B54: 25256662 | C54: 214 | D54: 45471 | E54: 30 | F54: =D54+E54 -> 45501 | G54: =$A$3-F54 -> -28 | H54: =B54 -> 25256662
A55: UTOMO PRINT SUKSES,PT | B55: 33836796 | C55: 215 | D55: 45471 | E55: 30 | F55: =D55+E55 -> 45501 | G55: =$A$3-F55 -> -28 | H55: =B55 -> 33836796
A57: CJ Cheiljedang Feed Lampung, PT | B57: 79500000 | C57: 1155 | D57: 45425 | E57: 30 | F57: =D57+E57 -> 45455 | G57: =$A$3-F57 -> 18 | I57: =B57 -> 79500000
A58: CJ Cheiljedang Feed Lampung, PT | B58: 79500000 | C58: 1156 | D58: 45425 | E58: 30 | F58: =D58+E58 -> 45455 | G58: =$A$3-F58 -> 18 | I58: =B58 -> 79500000
A59: CJ Cheiljedang Feed Lampung, PT | B59: 16300000 | C59: 1177 | D59: 45427 | E59: 30 | F59: =D59+E59 -> 45457 | G59: =$A$3-F59 -> 16 | I59: =B59 -> 16300000
A60: CJ Cheiljedang Feed Lampung, PT | B60: 23850000 | C60: 1179 | D60: 45427 | E60: 30 | F60: =D60+E60 -> 45457 | G60: =$A$3-F60 -> 16 | I60: =B60 -> 23850000
A61: CJ Cheiljedang Feed Lampung, PT | B61: 23850000 | C61: 1180 | D61: 45427 | E61: 30 | F61: =D61+E61 -> 45457 | G61: =$A$3-F61 -> 16 | I61: =B61 -> 23850000
A62: CJ Cheiljedang Feed Lampung, PT | B62: 16300000 | C62: 1217 | D62: 45432 | E62: 30 | F62: =D62+E62 -> 45462 | G62: =$A$3-F62 -> 11 | I62: =B62 -> 16300000
A63: CJ Cheiljedang Feed Lampung, PT | B63: 15900000 | C63: 1218 | D63: 45432 | E63: 30 | F63: =D63+E63 -> 45462 | G63: =$A$3-F63 -> 11 | I63: =B63 -> 15900000
A64: CJ Cheiljedang Feed Lampung, PT | B64: 15900000 | C64: 1219 | D64: 45432 | E64: 30 | F64: =D64+E64 -> 45462 | G64: =$A$3-F64 -> 11 | I64: =B64 -> 15900000
A65: CJ Cheiljedang Feed Lampung, PT | B65: 55650000 | C65: 1220 | D65: 45432 | E65: 30 | F65: =D65+E65 -> 45462 | G65: =$A$3-F65 -> 11 | I65: =B65 -> 55650000
A66: CJ Cheiljedang Feed Lampung, PT | B66: 55650000 | C66: 1221 | D66: 45432 | E66: 30 | F66: =D66+E66 -> 45462 | G66: =$A$3-F66 -> 11 | I66: =B66 -> 55650000
A67: CJ Cheiljedang Feed Lampung, PT | B67: 65400000 | C67: 1222 | D67: 45432 | E67: 30 | F67: =D67+E67 -> 45462 | G67: =$A$3-F67 -> 11 | I67: =B67 -> 65400000
A68: CJ Cheiljedang Feed Lampung, PT | B68: 63600000 | C68: 1307 | D68: 45440 | E68: 30 | F68: =D68+E68 -> 45470 | G68: =$A$3-F68 -> 3 | I68: =B68 -> 63600000
... A73: CJ Cheiljedang Feed Lampung, PT | B73: 63600000 | C73: 1315 | D73: 45442 | E73: 30 | F73: =D73+E73 -> 45472 | G73: =$A$3-F73 -> 1 | I73: =B73 -> 63600000
A74: CJ Cheiljedang Feed Lampung, PT | B74: 15900000 | C74: 1448 | D74: 45454 | E74: 30 | F74: =D74+E74 -> 45484 | G74: =$A$3-F74 -> -11 | H74: =B74 -> 15900000
A75: CJ Cheiljedang Feed Lampung, PT | B75: 16300000 | C75: 1449 | D75: 45454 | E75: 30 | F75: =D75+E75 -> 45484 | G75: =$A$3-F75 -> -11 | H75: =B75 -> 16300000
A76: CJ Cheiljedang Feed Lampung, PT | B76: 32700000 | C76: 1450 | D76: 45454 | E76: 30 | F76: =D76+E76 -> 45484 | G76: =$A$3-F76 -> -11 | H76: =B76 -> 32700000
A77: CJ Cheiljedang Feed Lampung, PT | B77: 81500000 | C77: 1451 | D77: 45454 | E77: 30 | F77: =D77+E77 -> 45484 | G77: =$A$3-F77 -> -11 | H77: =B77 -> 81500000
A78: CJ Cheiljedang Feed Lampung, PT | B78: 92800000 | C78: 1452 | D78: 45454 | E78: 30 | F78: =D78+E78 -> 45484 | G78: =$A$3-F78 -> -11 | H78: =B78 -> 92800000
A79: CJ Cheiljedang Feed Lampung, PT | B79: 65300000 | C79: 1453 | D79: 45454 | E79: 30 | F79: =D79+E79 -> 45484 | G79: =$A$3-F79 -> -11 | H79: =B79 -> 65300000
A80: CJ Cheiljedang Feed Lampung, PT | B80: 79500000 | C80: 1466 | D80: 45457 | E80: 30 | F80: =D80+E80 -> 45487 | G80: =$A$3-F80 -> -14 | H80: =B80 -> 79500000
A81: CJ Cheiljedang Feed Lampung, PT | B81: 23850000 | C81: 1515 | D81: 45464 | E81: 30 | F81: =D81+E81 -> 45494 | G81: =$A$3-F81 -> -21 | H81: =B81 -> 23850000
A82: CJ Cheiljedang Feed Lampung, PT | B82: 47700000 | C82: 1516 | D82: 45464 | E82: 30 | F82: =D82+E82 -> 45494 | G82: =$A$3-F82 -> -21 | H82: =B82 -> 47700000
A83: CJ Cheiljedang Feed Lampung, PT | B83: 47700000 | C83: 1517 | D83: 45464 | E83: 30 | F83: =D83+E83 -> 45494 | G83: =$A$3-F83 -> -21 | H83: =B83 -> 47700000
A84: CJ Cheiljedang Feed Lampung, PT | B84: 31800000 | C84: 1518 | D84: 45464 | E84: 30 | F84: =D84+E84 -> 45494 | G84: =$A$3-F84 -> -21 | H84: =B84 -> 31800000
A85: CJ Cheiljedang Feed Lampung, PT | B85: 49050000 | C85: 1559 | D85: 45468 | E85: 30 | F85: =D85+E85 -> 45498 | G85: =$A$3-F85 -> -25 | H85: =B85 -> 49050000
... A90: CJ Cheiljedang Feed Lampung, PT | B90: 32600000 | C90: 1595 | D90: 45471 | E90: 30 | F90: =D90+E90 -> 45501 | G90: =$A$3-F90 -> -28 | H90: =B90 -> 32600000
A92: Nusantara, Toko | B92: 5025000 | D92: 45473 | E92: 30 | F92: =D92+E92 -> 45503 | G92: =$A$3-F92 -> -30 | H92: =B92 -> 5025000
A94: Sumatra Motor Teknindo, PT | B94: 35571177 | D94: 45387 | E94: 30 | F94: =D94+E94 -> 45417 | G94: =$A$3-F94 -> 56 | J94: =B94 -> 35571177
A96: International Packaging M, (IPM), PT | B96: 971250 | C96: 005557-005/ISP/VIII/22 | D96: 44802 | E96: 30 | F96: =D96+E96 -> 44832 | G96: =$A$3-F96 -> 641 | L96: =B96 -> 971250
A98: Tri Jaya Sukses | B98: 26000000 | C98: 161 | D98: 45418 | E98: 30 | F98: =D98+E98 -> 45448 | G98: =$A$3-F98 -> 25 | I98: =B98 -> 26000000
A100: General Agromesin Lestari, PT | B100: 37808924 | C100: 168 | D100: 45420 | E100: 30 | F100: =D100+E100 -> 45450 | G100: =$A$3-F100 -> 23 | I100: =B100 -> 37808924
A101: General Agromesin Lestari, PT | B101: 49500000 | C101: 224 | D101: 45444 | E101: 30 | F101: =D101+E101 -> 45474 | G101: =$A$3-F101 -> -1 | H101: =B101 -> 49500000
A102: General Agromesin Lestari, PT | B102: 8880000 | C102: 245 | D102: 45457 | E102: 30 | F102: =D102+E102 -> 45487 | G102: =$A$3-F102 -> -14 | H102: =B102 -> 8880000
A104: Maju Tambak Sumur, PT | B104: 29249998 | C104: 2023-XII-PL-13 | D104: 45280 | E104: 30 | F104: =D104+E104 -> 45310 | G104: =$A$3-F104 -> 163 | L104: =B104 -> 29249998
A106: SUMBERDAYA SINAR BARU, PT | B106: 20171919 | C106: 195 | D106: 45432 | E106: 30 | F106: =D106+E106 -> 45462 | G106: =$A$3-F106 -> 11 | I106: =B106 -> 20171919
A107: SUMBERDAYA SINAR BARU, PT | B107: 21846690 | C107: 238 | D107: 45454 | E107: 30 | F107: =D107+E107 -> 45484 | G107: =$A$3-F107 -> -11 | H107: =B107 -> 21846690
A109: Mandiri Jaya Perkasa (Sanbe), CV | B109: 49110000 | C109: 68 | D109: 45343 | E109: 30 | F109: =D109+E109 -> 45373 | G109: =$A$3-F109 -> 100 | L109: =B109 -> 49110000
A110: Mandiri Jaya Perkasa (Sanbe), CV | B110: 49110000 | C110: 95 | D110: 45359 | E110: 30 | F110: =D110+E110 -> 45389 | G110: =$A$3-F110 -> 84 | K110: =B110 -> 49110000
A111: Mandiri Jaya Perkasa (Sanbe), CV | B111: 12270000 | C111: 97 | D111: 45359 | E111: 30 | F111: =D111+E111 -> 45389 | G111: =$A$3-F111 -> 84 | K111: =B111 -> 12270000
A112: Mandiri Jaya Perkasa (Sanbe), CV | B112: 49110000 | C112: 123 | D112: 45379 | E112: 30 | F112: =D112+E112 -> 45409 | G112: =$A$3-F112 -> 64 | K112: =B112 -> 49110000
A113: Mandiri Jaya Perkasa (Sanbe), CV | B113: 22150000 | C113: 130 | D113: 45387 | E113: 30 | F113: =D113+E113 -> 45417 | G113: =$A$3-F113 -> 56 | J113: =B113 -> 22150000
A114: Mandiri Jaya Perkasa (Sanbe), CV | B114: 22150000 | C114: 144 | D114: 45408 | E114: 30 | F114: =D114+E114 -> 45438 | G114: =$A$3-F114 -> 35 | J114: =B114 -> 22150000
A115: Mandiri Jaya Perkasa (Sanbe), CV | B115: 5530000 | C115: 162 | D115: 45418 | E115: 30 | F115: =D115+E115 -> 45448 | G115: =$A$3-F115 -> 25 | I115: =B115 -> 5530000
A116: Mandiri Jaya Perkasa (Sanbe), CV | B116: 22150000 | C116: 202 | D116: 45433 | E116: 30 | F116: =D116+E116 -> 45463 | G116: =$A$3-F116 -> 10 | I116: =B116 -> 22150000
A117: Mandiri Jaya Perkasa (Sanbe), CV | B117: 22150000 | C117: 214 | D117: 45441 | E117: 30 | F117: =D117+E117 -> 45471 | G117: =$A$3-F117 -> 2 | I117: =B117 -> 22150000
A118: Mandiri Jaya Perkasa (Sanbe), CV | B118: 22150000 | C118: 249 | D118: 45463 | E118: 30 | F118: =D118+E118 -> 45493 | G118: =$A$3-F118 -> -20 | H118: =B118 -> 22150000
A119: Mandiri Jaya Perkasa (Sanbe), CV | B119: 49110000 | C119: 261 | D119: 45471 | E119: 30 | F119: =D119+E119 -> 45501 | G119: =$A$3-F119 -> -28 | H119: =B119 -> 49110000
A121: Windu Segara Hatchery, CV | B121: 23250000 | C121: 116 | D121: 45467 | E121: 30 | F121: =D121+E121 -> 45497 | G121: =$A$3-F121 -> -24 | H121: =B121 -> 23250000
A122: Windu Segara Hatchery, CV | B122: 57500000 | C122: 229 | D122: 45448 | E122: 30 | F122: =D122+E122 -> 45478 | G122: =$A$3-F122 -> -5 | H122: =B122 -> 57500000
A123: Windu Segara Hatchery, CV | B123: 67500000 | C123: 235 | D123: 45452 | E123: 30 | F123: =D123+E123 -> 45482 | G123: =$A$3-F123 -> -9 | H123: =B123 -> 67500000
A125: Dinamika Lubsindo Utama, PT | B125: 775698 | D125: 45291 | E125: 30 | F125: =D125+E125 -> 45321 | G125: =$A$3-F125 -> 152 | L125: =B125 -> 775698
A126: Dinamika Lubsindo Utama, PT | B126: 11094849 | C126: 537 | D126: 45247 | E126: 30 | F126: =D126+E126 -> 45277 | G126: =$A$3-F126 -> 196 | L126: =B126 -> 11094849
A127: Dinamika Lubsindo Utama, PT | B127: 11094849 | C127: 589 | D127: 45282 | E127: 30 | F127: =D127+E127 -> 45312 | G127: =$A$3-F127 -> 161 | L127: =B127 -> 11094849
A128: Dinamika Lubsindo Utama, PT | B128: 7051801 | C128: 389 | D128: 45273 | E128: 30 | F128: =D128+E128 -> 45303 | G128: =$A$3-F128 -> 170 | L128: =B128 -> 7051801
A129: Dinamika Lubsindo Utama, PT | B129: 11094849 | C129: 182 | D129: 45453 | E129: 30 | F129: =D129+E129 -> 45483 | G129: =$A$3-F129 -> -10 | H129: =B129 -> 11094849
A130: Dinamika Lubsindo Utama, PT | B130: 11094849 | C130: 12 | D130: 45454 | E130: 30 | F130: =D130+E130 -> 45484 | G130: =$A$3-F130 -> -11 | H130: =B130 -> 11094849
A131: Dinamika Lubsindo Utama, PT | B131: 7827500 | C131: 143 | D131: 45407 | E131: 30 | F131: =D131+E131 -> 45437 | G131: =$A$3-F131 -> 36 | J131: =B131 -> 7827500
...

Sheet Piutang ISP Juni 24
A1: PT Indokom Samudra Persada
A2: Aging Piutang Dagang
A3: 45473
C5: Invoice | G5: AGING
A6: Nama | B6: Nominal | C6: No | D6: Tanggal | E6: Jatuh Tempo | F6: Tanggal Jatuh Tempo | G6: Aging | H6: Lancar | I6: 1-30 Hari | J6: 31-60 Hari | K6: 61-90 Hari | L6: > 90 Hari
A7: Crystal Cove Seafoods Corporation | B7: 1717455969 | C7: 027/isp-exp | D7: 45280 | E7: 60 | F7: =D7+E7 -> 45340 | G7: =$A$3-F7 -> 133 | L7: =B7 -> 1717455969
A9: Honsui Corporation | B9: 1.8116986e+09 | D9: 45443 | E9: 60 | F9: =D9+E9 -> 45503 | G9: =$A$3-F9 -> -30 | H9: =B9 -> 1.8116986e+09
B10: =2175933573.2*0 -> 0 | C10: Hohsui Corp (2024-090) | D10: 45473 | E10: 60 | F10: =D10+E10 -> 45533 | G10: =$A$3-F10 -> -60 | H10: =B10 -> 0
A12: Censea Inc. | B12: 1.8355448e+09 | D12: 45443 | E12: 60 | F12: =D12+E12 -> 45503 | G12: =$A$3-F12 -> -30 | H12: =B12 -> 1.8355448e+09
A13: Censea Inc. | B13: 2164365450 | C13: Censea (PO.70559) | D13: 45473 | E13: 60 | F13: =D13+E13 -> 45533 | G13: =$A$3-F13 -> -60 | H13: =B13 -> 2164365450
A14: Censea Inc. | B14: 1610190900 | C14: Censea (PO.70046) | D14: 45473 | E14: 60 | F14: =D14+E14 -> 45533 | G14: =$A$3-F14 -> -60 | H14: =B14 -> 1610190900
A15: Censea Inc. | B15: 1637213150 | C15: Censea,LA ( PO.70773) | D15: 45473 | E15: 60 | F15: =D15+E15 -> 45533 | G15: =$A$3-F15 -> -60 | H15: =B15 -> 1637213150
A16: Censea Inc. | B16: 1982014700 | C16: Censea ( PO.70521) | D16: 45473 | E16: 60 | F16: =D16+E16 -> 45533 | G16: =$A$3-F16 -> -60 | H16: =B16 -> 1982014700
A17: Censea Inc. | B17: 1663775720 | C17: Censea ( PO.70048) | D17: 45473 | E17: 60 | F17: =D17+E17 -> 45533 | G17: =$A$3-F17 -> -60 | H17: =B17 -> 1663775720
C18: Censea ( PO.70003) | D18: 45473 | E18: 60 | F18: =D18+E18 -> 45533 | G18: =$A$3-F18 -> -60 | H18: =B18 -> 0
A20: Kyokuyo Co,, Ltd | C20: Kyokuyo Co Ltd | D20: 45473 | E20: 60 | F20: =D20+E20 -> 45533 | G20: =$A$3-F20 -> -60 | H20: =B20 -> 0
A21: Kyokuyo Co,, Ltd | C21: Kyokuyo Co Ltd | D21: 45473 | E21: 60 | F21: =D21+E21 -> 45533 | G21: =$A$3-F21 -> -60 | H21: =B21 -> 0
A23: Nissui Corporation | B23: 2323553040 | C23: Nissui (PO.ISP-NISSUI 004) | D23: 45473 | E23: 60 | F23: =D23+E23 -> 45533 | G23: =$A$3-F23 -> -60 | H23: =B23 -> 2323553040
A24: Nissui Corporation | C24: Nissui (PO.ISP-NISSUI 005) | D24: 45473 | E24: 60 | F24: =D24+E24 -> 45533 | G24: =$A$3-F24 -> -60 | H24: =B24 -> 0
A27: PT Maju Tambak Sumur Es | B27: 16380000 | C27: 39 | D27: 45296 | E27: 30 | F27: =D27+E27 -> 45326 | G27: =$A$3-F27 -> 147 | L27: =B27 -> 16380000
A28: PT Maju Tambak Sumur Es | B28: 18060000 | C28: 256 | D28: 45324 | E28: 30 | F28: =D28+E28 -> 45354 | G28: =$A$3-F28 -> 119 | L28: =B28 -> 18060000
A29: PT Maju Tambak Sumur Es | B29: =13860000-2100000 -> 11760000 | C29: 779 | D29: 45404 | E29: 30 | F29: =D29+E29 -> 45434 | G29: =$A$3-F29 -> 39 | J29: =B29 -> 11760000
A31: Bapak Iwan-Es | B31: 11700000 | C31: 688 | D31: 45472 | E31: 30 | F31: =D31+E31 -> 45502 | G31: =$A$3-F31 -> -29 | H31: =B31 -> 11700000
A32: Bapak Iwan-Es | B32: 10900000 | C32: 656 | D32: 45465 | E32: 30 | F32: =D32+E32 -> 45495 | G32: =$A$3-F32 -> -22 | H32: =B32 -> 10900000
A33: Bapak Iwan-Es | B33: 15890000 | C33: 648 | D33: 45458 | E33: 30 | F33: =D33+E33 -> 45488 | G33: =$A$3-F33 -> -15 | H33: =B33 -> 15890000
A34: Bapak Iwan-Es | B34: 8560000 | C34: 624 | D34: 45451 | E34: 30 | F34: =D34+E34 -> 45481 | G34: =$A$3-F34 -> -8 | H34: =B34 -> 8560000
A36: Piutang Lain-laian di bawah Rp 20.000.000,- | B36: 22200777 | I36: =B36 -> 22200777
B38: =SUM(B7:B36) -> 1.6861263e+10 | H38: =SUM(H7:H36) -> 1.5075406e+10 | I38: =SUM(I7:I36) -> 22200777 | J38: =SUM(J7:J36) -> 11760000 | K38: =SUM(K7:K36) -> 0 | L38: =SUM(L7:L36) -> 1751895969

Sheet Piutang IAS Juni 24
A1: PT Indo American Seafoods
A2: Aging Piutang Dagang
A3: 45473
C5: Invoice | G5: AGING
A6: Nama | B6: Nominal | C6: No | D6: Tanggal | E6: Jatuh Tempo | F6: Tanggal Jatuh Tempo | G6: Aging | H6: Lancar | I6: 1-30 Hari | J6: 31-60 Hari | K6: 61-90 Hari | L6: > 90 Hari
A7: CV Kanian Persada | B7: 1.7000768e+08 | D7: 45382 | E7: 30 | F7: =D7+E7 -> 45412 | G7: =$A$3-F7 -> 61 | K7: =B7 -> 1.7000768e+08
B8: 30520500 | D8: 45412 | E8: 30 | F8: =D8+E8 -> 45442 | G8: =$A$3-F8 -> 31 | J8: =B8 -> 30520500
B9: 188688100 | D9: 45443 | E9: 30 | F9: =D9+E9 -> 45473 | G9: =$A$3-F9 -> 0 | I9: =B9 -> 188688100
B10: 33423400 | D10: 45473 | E10: 30 | F10: =D10+E10 -> 45503 | G10: =$A$3-F10 -> -30 | H10: =B10 -> 33423400
A11: Piutang Expor
A12: Censea Inc | B12: 2009930400 | C12: Censea (PO 70002) | D12: 45473 | E12: 60 | F12: =D12+E12 -> 45533 | G12: =$A$3-F12 -> -60 | H12: =B12 -> 2009930400
B13: 1786604800 | C13: Censea (PO 70199) | D13: 45473 | E13: 60 | F13: =D13+E13 -> 45533 | G13: =$A$3-F13 -> -60 | H13: =B13 -> 1786604800
B14: 2009930400 | C14: Censea (PO 70004) | D14: 45473 | E14: 60 | F14: =D14+E14 -> 45533 | G14: =$A$3-F14 -> -60 | H14: =B14 -> 2009930400
B15: 1781350080 | C15: Censea (PO 69280) | D15: 45473 | E15: 60 | F15: =D15+E15 -> 45533 | G15: =$A$3-F15 -> -60 | H15: =B15 -> 1781350080
B16: 1798050237 | C16: Censea (PO 68883) | D16: 45473 | E16: 60 | F16: =D16+E16 -> 45533 | G16: =$A$3-F16 -> -60 | H16: =B16 -> 1798050237
H17: =B17 -> 0
H18: =B18 -> 0
H19: =B19 -> 0
H20: =B20 -> 0
H21: =B21 -> 0
H22: =B22 -> 0
A23: Eastern Fish Company LLC | B23: 1514886513 | C23: 097/ias-Exp | D23: 45473 | E23: 60 | F23: =D23+E23 -> 45533 | G23: =$A$3-F23 -> -60 | H23: =B23 -> 1514886513
B24: =1451616400*0 -> 0 | C24: Eastern Fish (PO 57404) | D24: 45473 | E24: 60 | F24: =D24+E24 -> 45533 | G24: =$A$3-F24 -> -60 | H24: =B24 -> 0
A25: Piutang Afiliasi
A26: PT Indokom Samudra Persada
B27: 2.8116549e+08 | C27: 253 | D27: 45413 | E27: 30 | F27: =D27+E27 -> 45443 | G27: =$A$3-F27 -> 30
B28: 2.3271629e+08 | C28: 294 | D28: 45427 | E28: 30 | F28: =D28+E28 -> 45457 | G28: =$A$3-F28 -> 16
B29: 47885594 | C29: 295 | D29: 45428 | E29: 30 | F29: =D29+E29 -> 45458 | G29: =$A$3-F29 -> 15
B30: 60389025 | C30: 303 | D30: 45432 | E30: 30 | F30: =D30+E30 -> 45462 | G30: =$A$3-F30 -> 11
B31: =21034990.69-18347539.2700005 -> 2687451.4 | C31: 307 | D31: 45433 | E31: 30 | F31: =D31+E31 -> 45463 | G31: =$A$3-F31 -> 10
B32: 37893013 | C32: 310 | D32: 45434 | E32: 30 | F32: =D32+E32 -> 45464 | G32: =$A$3-F32 -> 9
B33: 29118116 | C33: 314 | D33: 45435 | E33: 30 | F33: =D33+E33 -> 45465 | G33: =$A$3-F33 -> 8
B34: 62359262 | C34: 337 | D34: 45444 | E34: 30 | F34: =D34+E34 -> 45474 | G34: =$A$3-F34 -> -1
B35: 73630561 | C35: 338 | D35: 45444 | E35: 30 | F35: =D35+E35 -> 45474 | G35: =$A$3-F35 -> -1
B36: 212100515 | C36: 345 | D36: 45446 | E36: 30 | F36: =D36+E36 -> 45476 | G36: =$A$3-F36 -> -3
B37: 2.5134259e+08 | C37: 349 | D37: 45447 | E37: 30 | F37: =D37+E37 -> 45477 | G37: =$A$3-F37 -> -4
B38: 2.5720749e+08 | C38: 350 | D38: 45447 | E38: 30 | F38: =D38+E38 -> 45477 | G38: =$A$3-F38 -> -4
B39: 2.0989875e+08 | C39: 351 | D39: 45447 | E39: 30 | F39: =D39+E39 -> 45477 | G39: =$A$3-F39 -> -4
B40: 1.2990249e+08 | C40: 365 | D40: 45453 | E40: 30 | F40: =D40+E40 -> 45483 | G40: =$A$3-F40 -> -10
B41: 3.9433584e+08 | C41: 382 | D41: 45461 | E41: 30 | F41: =D41+E41 -> 45491 | G41: =$A$3-F41 -> -18
B42: 23378623 | C42: 383 | D42: 45461 | E42: 30 | F42: =D42+E42 -> 45491 | G42: =$A$3-F42 -> -18
B43: 35135419 | C43: 385 | D43: 45462 | E43: 30 | F43: =D43+E43 -> 45492 | G43: =$A$3-F43 -> -19
... B46: 79617813 | C46: 400 | D46: 45467 | E46: 30 | F46: =D46+E46 -> 45497 | G46: =$A$3-F46 -> -24
H47: =SUM(H7:H46) -> 10934175830 | I47: =SUM(I7:I46) -> 188688100 | J47: =SUM(J7:J46) -> 30520500 | K47: =SUM(K7:K46) -> 1.7000768e+08 | L47: =SUM(L7:L46) -> 0

Sheet Hutang Usaha IAS 23
A1: Aging Hutang Usaha & Subsequent
A2: PT Indo American Seafoods
A3: 45291
A5: Nama | B5: Nominal | C5: No Invoice | D5: Tgl Invoice | E5: Jatuh Tempo | F5: Tgl Jatuh Tempo | G5: Aging | H5: Lancar | I5: 1-30 Hari | J5: 31-60 Hari | K5: 61-90 Hari | L5: >90 Hari
A7: Choice Canning Company Inc, | B7: 1356603529 | C7: 964 | D7: 45287 | E7: 30 | F7: 45317 | G7: -26 | H7: 1356603529
A9: PT International Packaging Manufacturing | B9: 28750000 | C9: 341 | D9: 45043 | E9: 30 | F9: 45073 | G9: 218 | L9: 28750000
A10: PT International Packaging Manufacturing | B10: 3162500 | C10: 346 | D10: 45047 | E10: 30 | F10: 45077 | G10: 214 | L10: 3162500
A11: PT International Packaging Manufacturing | B11: 26973000 | C11: 446 | D11: 45071 | E11: 30 | F11: 45101 | G11: 190 | L11: 26973000
A12: PT International Packaging Manufacturing | B12: 114330000 | C12: 450 | D12: 45071 | E12: 30 | F12: 45101 | G12: 190 | L12: 114330000
A13: PT International Packaging Manufacturing | B13: 134865000 | C13: 453 | D13: 45073 | E13: 30 | F13: 45103 | G13: 188 | L13: 134865000
A14: PT International Packaging Manufacturing | B14: 156510000 | C14: 458 | D14: 45075 | E14: 30 | F14: 45105 | G14: 186 | L14: 156510000
A15: PT International Packaging Manufacturing | B15: 194250000 | C15: 459 | D15: 45075 | E15: 30 | F15: 45105 | G15: 186 | L15: 194250000
A16: PT International Packaging Manufacturing | B16: 9990000 | C16: 478 | D16: 45079 | E16: 30 | F16: 45109 | G16: 182 | L16: 9990000
A18: PT Konverta Mitra Abadi | B18: 6576528 | C18: 918 | D18: 45231 | E18: 30 | F18: 45261 | G18: 30 | I18: 6576528
A19: PT Konverta Mitra Abadi | B19: 9551505 | C19: 919 | D19: 45231 | E19: 30 | F19: 45261 | G19: 30 | I19: 9551505
A20: PT Konverta Mitra Abadi | B20: 764568 | C20: 920 | D20: 45231 | E20: 30 | F20: 45261 | G20: 30 | I20: 764568
A21: PT Konverta Mitra Abadi | B21: 23742900 | C21: 922 | D21: 45232 | E21: 30 | F21: 45262 | G21: 29 | I21: 23742900
A22: PT Konverta Mitra Abadi | B22: 23742900 | C22: 923 | D22: 45232 | E22: 30 | F22: 45262 | G22: 29 | I22: 23742900
A23: PT Konverta Mitra Abadi | B23: 5419575 | C23: 945 | D23: 45239 | E23: 30 | F23: 45269 | G23: 22 | I23: 5419575
A24: PT Konverta Mitra Abadi | B24: 7109550 | C24: 946 | D24: 45239 | E24: 30 | F24: 45269 | G24: 22 | I24: 7109550
A25: PT Konverta Mitra Abadi | B25: 6206287 | C25: 954 | D25: 45243 | E25: 30 | F25: 45273 | G25: 18 | I25: 6206287
A26: PT Konverta Mitra Abadi | B26: 13695180 | C26: 955 | D26: 45243 | E26: 30 | F26: 45273 | G26: 18 | I26: 13695180
A27: PT Konverta Mitra Abadi | B27: 24429890 | C27: 956 | D27: 45243 | E27: 30 | F27: 45273 | G27: 18 | I27: 24429890
A28: PT Konverta Mitra Abadi | B28: 16688894 | C28: 957 | D28: 45243 | E28: 30 | F28: 45273 | G28: 18 | I28: 16688894
A29: PT Konverta Mitra Abadi | B29: 3480266 | C29: 985 | D29: 45256 | E29: 30 | F29: 45286 | G29: 5 | I29: 3480266
... A39: PT Konverta Mitra Abadi | B39: 5137524 | C39: 1008 | D39: 45259 | E39: 30 | F39: 45289 | G39: 2 | I39: 5137524
A40: PT Konverta Mitra Abadi | B40: 11020968 | C40: 1020 | D40: 45264 | E40: 30 | F40: 45294 | G40: -3 | H40: 11020968
A41: PT Konverta Mitra Abadi | B41: 763680 | C41: 1049 | D41: 45274 | E41: 30 | F41: 45304 | G41: -13 | H41: 763680
A42: PT Konverta Mitra Abadi | B42: 4121208 | C42: 1058 | D42: 45277 | E42: 30 | F42: 45307 | G42: -16 | H42: 4121208
A43: PT Konverta Mitra Abadi | B43: 5896875 | C43: 1059 | D43: 45278 | E43: 30 | F43: 45308 | G43: -17 | H43: 5896875
A44: PT Konverta Mitra Abadi | B44: 16418814 | C44: 1060 | D44: 45278 | E44: 30 | F44: 45308 | G44: -17 | H44: 16418814
A45: PT Konverta Mitra Abadi | B45: 33685725 | C45: 1069 | D45: 45281 | E45: 30 | F45: 45311 | G45: -20 | H45: 33685725
A46: PT Konverta Mitra Abadi | B46: 13006980 | C46: 1079 | D46: 45287 | E46: 30 | F46: 45317 | G46: -26 | H46: 13006980
A47: PT Konverta Mitra Abadi | B47: 7284375 | C47: 1085 | D47: 45289 | E47: 30 | F47: 45319 | G47: -28 | H47: 7284375
A48: PT Konverta Mitra Abadi | B48: 28347024 | C48: 1086 | D48: 45289 | E48: 30 | F48: 45319 | G48: -28 | H48: 28347024
A50: Grahamakmur Ciptapratama | B50: 364217175 | C50: 266 | D50: 45204 | E50: 30 | F50: 45234 | G50: 57 | J50: 364217175
A51: Grahamakmur Ciptapratama | B51: 367638600 | C51: 284 | D51: 45230 | E51: 30 | F51: 45260 | G51: 31 | J51: 367638600
A52: Grahamakmur Ciptapratama | B52: 377164725 | C52: 289 | D52: 45252 | E52: 30 | F52: 45282 | G52: 9 | I52: 377164725
A53: Grahamakmur Ciptapratama | B53: 509128692 | C53: 250 | D53: 45190 | E53: 30 | F53: 45220 | G53: 71 | K53: 509128692
A55: PT Indonesia Makan Udang | B55: 3.3644726e+08 | C55: 326 | D55: 45103 | E55: 30 | F55: 45133 | G55: 158 | L55: 3.3644726e+08
A56: PT Indonesia Makan Udang | B56: 3.2540591e+08 | C56: 334 | D56: 45107 | E56: 30 | F56: 45137 | G56: 154 | L56: 3.2540591e+08
A57: PT Indonesia Makan Udang | B57: 2.8327984e+08 | C57: 337 | D57: 45108 | E57: 30 | F57: 45138 | G57: 153 | L57: 2.8327984e+08
A58: PT Indonesia Makan Udang | B58: 258177.94 | C58: 364 | D58: 45124 | E58: 30 | F58: 45154 | G58: 137 | L58: 258177.94
A59: PT Indonesia Makan Udang | B59: 75700522 | C59: 372 | D59: 45128 | E59: 30 | F59: 45158 | G59: 133 | L59: 75700522
A60: PT Indonesia Makan Udang | B60: 2.2258508e+08 | C60: 384 | D60: 45133 | E60: 30 | F60: 45163 | G60: 128 | L60: 2.2258508e+08
A61: PT Indonesia Makan Udang | B61: 22890981 | C61: 391 | D61: 45136 | E61: 30 | F61: 45166 | G61: 125 | L61: 22890981
A62: PT Indonesia Makan Udang | B62: 55015535 | C62: 394 | D62: 45138 | E62: 30 | F62: 45168 | G62: 123 | L62: 55015535
A63: PT Indonesia Makan Udang | B63: 2.0768149e+08 | C63: 408 | D63: 45149 | E63: 30 | F63: 45179 | G63: 112 | L63: 2.0768149e+08
A64: PT Indonesia Makan Udang | B64: 2.1385812e+08 | C64: 592 | D64: 45257 | E64: 30 | F64: 45287 | G64: 4 | I64: 2.1385812e+08
A65: PT Indonesia Makan Udang | B65: 88173879 | C65: 604 | D65: 45262 | E65: 30 | F65: 45292 | G65: -1 | H65: 88173879
A66: PT Indonesia Makan Udang | B66: 44972759 | C66: 605 | D66: 45264 | E66: 30 | F66: 45294 | G66: -3 | H66: 44972759
A67: PT Indonesia Makan Udang | B67: 96733390 | C67: 644 | D67: 45272 | E67: 30 | F67: 45302 | G67: -11 | H67: 96733390
A68: PT Indonesia Makan Udang | B68: 1.9614381e+08 | C68: 666 | D68: 45278 | E68: 30 | F68: 45308 | G68: -17 | H68: 1.9614381e+08
A69: PT Indonesia Makan Udang | B69: 2.1893512e+08 | C69: 679 | D69: 45281 | E69: 30 | F69: 45311 | G69: -20 | H69: 2.1893512e+08
A70: PT Indonesia Makan Udang | B70: 2.4641615e+08 | C70: 686 | D70: 45286 | E70: 30 | F70: 45316 | G70: -25 | H70: 2.4641615e+08
A72: Putra Widjaja Marine, CV | B72: 2.2465831e+08 | C72: 593 | D72: 45258 | E72: 30 | F72: 45288 | G72: 3 | I72: 2.2465831e+08
A73: Putra Widjaja Marine, CV | B73: 98945862 | C73: 601 | D73: 45260 | E73: 30 | F73: 45290 | G73: 1 | I73: 98945862
A74: Putra Widjaja Marine, CV | B74: 2.4937088e+08 | C74: 602 | D74: 45261 | E74: 30 | F74: 45291 | G74: 0 | H74: 2.4937088e+08
A75: Putra Widjaja Marine, CV | B75: 2.289556e+08 | C75: 608 | D75: 45265 | E75: 30 | F75: 45295 | G75: -4 | H75: 2.289556e+08
A76: Putra Widjaja Marine, CV | B76: 75956476 | C76: 612 | D76: 45266 | E76: 30 | F76: 45296 | G76: -5 | H76: 75956476
A77: Putra Widjaja Marine, CV | B77: 2.5405381e+08 | C77: 615 | D77: 45267 | E77: 30 | F77: 45297 | G77: -6 | H77: 2.5405381e+08
A78: Putra Widjaja Marine, CV | B78: 2.2962714e+08 | C78: 617 | D78: 45268 | E78: 30 | F78: 45298 | G78: -7 | H78: 2.2962714e+08
A79: Putra Widjaja Marine, CV | B79: 2.5158271e+08 | C79: 618 | D79: 45268 | E79: 30 | F79: 45298 | G79: -7 | H79: 2.5158271e+08
A80: Putra Widjaja Marine, CV | B80: 2.5909472e+08 | C80: 626 | D80: 45269 | E80: 30 | F80: 45299 | G80: -8 | H80: 2.5909472e+08
A81: Putra Widjaja Marine, CV | B81: 2.2889553e+08 | C81: 636 | D81: 45271 | E81: 30 | F81: 45301 | G81: -10 | H81: 2.2889553e+08
A82: Putra Widjaja Marine, CV | B82: 2.7973952e+08 | C82: 641 | D82: 45272 | E82: 30 | F82: 45302 | G82: -11 | H82: 2.7973952e+08
A83: Putra Widjaja Marine, CV | B83: 75826821 | C83: 642 | D83: 45272 | E83: 30 | F83: 45302 | G83: -11 | H83: 75826821
A84: Putra Widjaja Marine, CV | B84: 2.0274698e+08 | C84: 647 | D84: 45273 | E84: 30 | F84: 45303 | G84: -12 | H84: 2.0274698e+08
A85: Putra Widjaja Marine, CV | B85: 2.2109758e+08 | C85: 648 | D85: 45273 | E85: 30 | F85: 45303 | G85: -12 | H85: 2.2109758e+08
... A93: Putra Widjaja Marine, CV | B93: 1.873854e+08 | C93: 683 | D93: 45283 | E93: 30 | F93: 45313 | G93: -22 | H93: 1.873854e+08
A95: Utomo Print | B95: 48111840 | C95: 1002 | D95: 45259 | E95: 30 | F95: 45289 | G95: 2 | I95: 48111840
A96: Utomo Print | B96: 27710040 | C96: 1027 | D96: 45266 | E96: 30 | F96: 45296 | G96: -5 | H96: 27710040
A98: PT Sinergy Indopack Makmur | B98: 12787200 | C98: 704 | D98: 45146 | E98: 30 | F98: 45176 | G98: 115 | L98: 12787200
A99: PT Sinergy Indopack Makmur | B99: 23976000 | C99: 705 | D99: 45146 | E99: 30 | F99: 45176 | G99: 115 | L99: 23976000
A100: PT Sinergy Indopack Makmur | B100: 3418800 | C100: 706 | D100: 45146 | E100: 30 | F100: 45176 | G100: 115 | L100: 3418800
A102: Prima Sari Indotama, PT | B102: 28510258 | C102: 2699 | D102: 45198 | E102: 30 | F102: 45228 | G102: 63 | K102: 28510258
A104: Sumatraco Langgeng Abadi, PT | B104: 13597500 | C104: 343 | D104: 45047 | E104: 30 | F104: 45077 | G104: 214 | L104: 13597500
A105: Sumatraco Langgeng Abadi, PT | B105: 21367500 | C105: 666 | D105: 45135 | E105: 30 | F105: 45165 | G105: 126 | L105: 21367500
A107: Lima Pendawa, CV | B107: 22200000 | C107: 7 | D107: 44928 | E107: 30 | F107: 44958 | G107: 333 | L107: 22200000
A109: Nusa Jaya | B109: 40962 | C109: 781 | D109: 45177 | E109: 30 | F109: 45207 | G109: 84 | K109: 40962
A110: Nusa Jaya | B110: 370000 | C110: 786 | D110: 45177 | E110: 30 | F110: 45207 | G110: 84 | K110: 370000
A111: Nusa Jaya | B111: 492000 | C111: 811 | D111: 45188 | E111: 30 | F111: 45218 | G111: 73 | K111: 492000
A112: Nusa Jaya | B112: 920000 | C112: 817 | D112: 45190 | E112: 30 | F112: 45220 | G112: 71 | K112: 920000
A113: Nusa Jaya | B113: 270000 | C113: 857 | D113: 45203 | E113: 30 | F113: 45233 | G113: 58 | J113: 270000
A114: Nusa Jaya | B114: 780000 | C114: 876 | D114: 45211 | E114: 30 | F114: 45241 | G114: 50 | J114: 780000
A115: Nusa Jaya | B115: 90000 | C115: 877 | D115: 45211 | E115: 30 | F115: 45241 | G115: 50 | J115: 90000
A116: Nusa Jaya | B116: 500000 | C116: 881 | D116: 45211 | E116: 30 | F116: 45241 | G116: 50 | J116: 500000
A117: Nusa Jaya | B117: 300000 | C117: 900 | D117: 45222 | E117: 30 | F117: 45252 | G117: 39 | J117: 300000
A118: Nusa Jaya | B118: 380000 | C118: 911 | D118: 45226 | E118: 30 | F118: 45256 | G118: 35 | J118: 380000
A119: Nusa Jaya | B119: 620000 | C119: 931 | D119: 45236 | E119: 30 | F119: 45266 | G119: 25 | I119: 620000
A120: Nusa Jaya | B120: 70000 | C120: 962 | D120: 45246 | E120: 30 | F120: 45276 | G120: 15 | I120: 70000
A121: Nusa Jaya | B121: 827500 | C121: 963 | D121: 45246 | E121: 30 | F121: 45276 | G121: 15 | I121: 827500
A122: Nusa Jaya | B122: 90000 | C122: 974 | D122: 45252 | E122: 30 | F122: 45282 | G122: 9 | I122: 90000
A123: Nusa Jaya | B123: 160000 | C123: 995 | D123: 45258 | E123: 30 | F123: 45288 | G123: 3 | I123: 160000
A124: Nusa Jaya | B124: 3070000 | C124: 1021 | D124: 45265 | E124: 30 | F124: 45295 | G124: -4 | H124: 3070000
A126: Persahabatan Electric | B126: 2350000 | C126: 679 | D126: 45139 | E126: 30 | F126: 45169 | G126: 122 | L126: 2350000
A127: Persahabatan Electric | B127: 5875021 | C127: 888 | D127: 45215 | E127: 30 | F127: 45245 | G127: 46 | J127: 5875021
A128: Persahabatan Electric | B128: 1500000 | C128: 892 | D128: 45216 | E128: 30 | F128: 45246 | G128: 45 | J128: 1500000
A129: Persahabatan Electric | B129: 1345000 | C129: 975 | D129: 45252 | E129: 30 | F129: 45282 | G129: 9 | I129: 1345000
A131: Sumatra Motor Teknindo, PT | B131: 10528350 | C131: 683 | D131: 45139 | E131: 30 | F131: 45169 | G131: 122 | L131: 10528350
...

Sheet Piutang IAS 2023
A1: PT Indo American Seafoods
A2: Aging Piutang Dagang
A3: 45291
C5: Invoice | G5: AGING
A6: Nama | B6: Nominal | C6: No | D6: Tanggal | E6: Jatuh Tempo | F6: Tanggal Jatuh Tempo | G6: Aging | H6: Lancar | I6: 1-30 Hari | J6: 31-60 Hari | K6: 61-90 Hari | L6: > 90 Hari | M6: Tanggal Bayar
A7: Piutang Usaha - USD
A8: Censea Inc | B8: =1700816901-8172720-4780769 -> 1687863412 | C8: 107/ias-Exp | D8: 45282 | E8: 60 | F8: =D8+E8 -> 45342 | G8: =$A$3-F8 -> -51 | H8: =B8 -> 1687863412
B9: =1563815841-8172720-4780769 -> 1550862352 | C9: 108/ias-Exp | D9: 45282 | E9: 60 | F9: =D9+E9 -> 45342 | G9: =$A$3-F9 -> -51 | H9: =B9 -> 1550862352
B10: =1687786758-8172720-4780769 -> 1674833269 | C10: 110/ias-Exp | D10: 45288 | E10: 60 | F10: =D10+E10 -> 45348 | G10: =$A$3-F10 -> -57 | H10: =B10 -> 1674833269
B11: =1673758800-8172720-4780769 -> 1660805311 | C11: 111/ias-Exp | D11: 45290 | E11: 60 | F11: =D11+E11 -> 45350 | G11: =$A$3-F11 -> -59 | H11: =B11 -> 1660805311
B12: =1501018400-8172720-4780769 -> 1488064911 | C12: 113/ias-Exp | D12: 45290 | E12: 60 | F12: =D12+E12 -> 45350 | G12: =$A$3-F12 -> -59 | H12: =B12 -> 1488064911
A14: Eastern Fish Company LLC | B14: 1.6618448e+09 | C14: 097/ias-Exp | D14: 45290 | E14: 60 | F14: =D14+E14 -> 45350 | G14: =$A$3-F14 -> -59 | H14: =B14 -> 1.6618448e+09
A16: Eiger Co. Ltd | B16: 5.5005059e+08 | C16: 109/ias-exp | D16: 45290 | E16: 60 | F16: =D16+E16 -> 45350 | G16: =$A$3-F16 -> -59 | H16: =B16 -> 5.5005059e+08
A18: San Sugar Co, , Ltd | B18: 953225970 | C18: 107/ias-exp | D18: 45290 | E18: 60 | F18: =D18+E18 -> 45350 | G18: =$A$3-F18 -> -59 | H18: =B18 -> 953225970
A19: San Sugar Co, , Ltd | B19: 1075673790 | C19: 108/ias-exp | D19: 45290 | E19: 60 | F19: =D19+E19 -> 45350 | G19: =$A$3-F19 -> -59 | H19: =B19 -> 1075673790
A21: Yachiyo Corporation | B21: 6.2427092e+08 | C21: 055/ias-exp | D21: 45290 | E21: 60 | F21: =D21+E21 -> 45350 | G21: =$A$3-F21 -> -59 | H21: =B21 -> 6.2427092e+08
A22: Hohsui Corporation | B22: 8.90274e+08 | C22: 092/ias-exp | D22: 45290 | E22: 60 | F22: =D22+E22 -> 45350 | G22: =$A$3-F22 -> -59 | H22: =B22 -> 8.90274e+08
A24: Piutang Usaha - IDR | E24: 30 | F24: =D24+E24 -> 30 | G24: =$A$3-F24 -> 45261 | I24: =B24 -> 0
A25: CV Kanian Persada | B25: 211054410 | E25: 30 | F25: =D25+E25 -> 30 | G25: =$A$3-F25 -> 45261 | L25: =B25 -> 211054410
A26: Piutang Karyawan | B26: 1480185 | E26: 30 | F26: =D26+E26 -> 30 | G26: =$A$3-F26 -> 45261 | I26: 1480185
N27: =SUM(H8:H26) -> 1.3817769e+10 | O27: =SUM(I8:I26) -> 1480185 | P27: =SUM(J8:J26) -> 0 | Q27: =SUM(K8:K26) -> 0 | R27: =SUM(L8:L26) -> 211054410
A28: Piutang Afiliasi | L28: =B28 -> 0
A29: PT Indokom Samudra Persada | B29: 3.8933072e+08 | C29: 81 | D29: 44963 | E29: 30 | F29: =D29+E29 -> 44993 | G29: =$A$3-F29 -> 298 | L29: =B29 -> 3.8933072e+08
A30: PT Indokom Samudra Persada | B30: 19885325 | C30: 143 | D30: 44986 | E30: 30 | F30: =D30+E30 -> 45016 | G30: =$A$3-F30 -> 275 | L30: =B30 -> 19885325
A31: PT Indokom Samudra Persada | B31: 23165677 | C31: 374 | D31: 45078 | E31: 30 | F31: =D31+E31 -> 45108 | G31: =$A$3-F31 -> 183 | L31: =B31 -> 23165677
A32: PT Indokom Samudra Persada | B32: 19583813 | C32: 387 | D32: 45082 | E32: 30 | F32: =D32+E32 -> 45112 | G32: =$A$3-F32 -> 179 | L32: =B32 -> 19583813
A33: PT Indokom Samudra Persada | B33: 73079259 | C33: 409 | D33: 45092 | E33: 30 | F33: =D33+E33 -> 45122 | G33: =$A$3-F33 -> 169 | L33: =B33 -> 73079259
A34: PT Indokom Samudra Persada | B34: 2.9373034e+08 | C34: 460 | D34: 45117 | E34: 30 | F34: =D34+E34 -> 45147 | G34: =$A$3-F34 -> 144 | L34: =B34 -> 2.9373034e+08
A35: PT Indokom Samudra Persada | B35: 1.2861915e+08 | C35: 481 | D35: 45126 | E35: 30 | F35: =D35+E35 -> 45156 | G35: =$A$3-F35 -> 135 | L35: =B35 -> 1.2861915e+08
A36: PT Indokom Samudra Persada | B36: 2.7882923e+08 | C36: 484 | D36: 45127 | E36: 30 | F36: =D36+E36 -> 45157 | G36: =$A$3-F36 -> 134 | L36: =B36 -> 2.7882923e+08
A37: PT Indokom Samudra Persada | B37: 51135885 | C37: 514 | D37: 45140 | E37: 30 | F37: =D37+E37 -> 45170 | G37: =$A$3-F37 -> 121 | L37: =B37 -> 51135885
A38: PT Indokom Samudra Persada | B38: 9524466.4 | C38: 549 | D38: 45153 | E38: 30 | F38: =D38+E38 -> 45183 | G38: =$A$3-F38 -> 108 | L38: =B38 -> 9524466.4
A39: PT Indokom Samudra Persada | B39: 25021920 | C39: 576 | D39: 45170 | E39: 30 | F39: =D39+E39 -> 45200 | G39: =$A$3-F39 -> 91 | L39: =B39 -> 25021920
A40: PT Indokom Samudra Persada | B40: 59800284 | C40: 577 | D40: 45170 | E40: 30 | F40: =D40+E40 -> 45200 | G40: =$A$3-F40 -> 91 | L40: =B40 -> 59800284
... A42: PT Indokom Samudra Persada | B42: 5.0440117e+08 | C42: 579 | D42: 45170 | E42: 30 | F42: =D42+E42 -> 45200 | G42: =$A$3-F42 -> 91 | L42: =B42 -> 5.0440117e+08
A43: PT Indokom Samudra Persada | B43: 2.2632197e+08 | C43: 619 | D43: 45201 | E43: 30 | F43: =D43+E43 -> 45231 | G43: =$A$3-F43 -> 60 | J43: =B43 -> 2.2632197e+08
A44: PT Indokom Samudra Persada | B44: 1.2374342e+08 | C44: 620 | D44: 45201 | E44: 30 | F44: =D44+E44 -> 45231 | G44: =$A$3-F44 -> 60 | J44: =B44 -> 1.2374342e+08
A45: PT Indokom Samudra Persada | B45: 1.0046884e+08 | C45: 622 | D45: 45201 | E45: 30 | F45: =D45+E45 -> 45231 | G45: =$A$3-F45 -> 60 | J45: =B45 -> 1.0046884e+08
A46: PT Indokom Samudra Persada | B46: 95717869 | C46: 625 | D46: 45202 | E46: 30 | F46: =D46+E46 -> 45232 | G46: =$A$3-F46 -> 59 | J46: =B46 -> 95717869
A47: PT Indokom Samudra Persada | B47: 11060257 | C47: 627 | D47: 45203 | E47: 30 | F47: =D47+E47 -> 45233 | G47: =$A$3-F47 -> 58 | J47: =B47 -> 11060257
A48: PT Indokom Samudra Persada | B48: 1.248251e+08 | C48: 634 | D48: 45208 | E48: 30 | F48: =D48+E48 -> 45238 | G48: =$A$3-F48 -> 53 | J48: =B48 -> 1.248251e+08
A49: PT Indokom Samudra Persada | B49: 1.2212551e+08 | C49: 637 | D49: 45209 | E49: 30 | F49: =D49+E49 -> 45239 | G49: =$A$3-F49 -> 52 | J49: =B49 -> 1.2212551e+08
A50: PT Indokom Samudra Persada | B50: 33697073 | C50: 640 | D50: 45210 | E50: 30 | F50: =D50+E50 -> 45240 | G50: =$A$3-F50 -> 51 | J50: =B50 -> 33697073
A51: PT Indokom Samudra Persada | B51: 19753875 | C51: 641 | D51: 45210 | E51: 30 | F51: =D51+E51 -> 45240 | G51: =$A$3-F51 -> 51 | J51: =B51 -> 19753875
A52: PT Indokom Samudra Persada | B52: 26165360 | C52: 644 | D52: 45212 | E52: 30 | F52: =D52+E52 -> 45242 | G52: =$A$3-F52 -> 49 | J52: =B52 -> 26165360
A53: PT Indokom Samudra Persada | B53: 50822997 | C53: 645 | D53: 45213 | E53: 30 | F53: =D53+E53 -> 45243 | G53: =$A$3-F53 -> 48 | J53: =B53 -> 50822997
A54: PT Indokom Samudra Persada | B54: 1.5740208e+08 | C54: 658 | D54: 45220 | E54: 30 | F54: =D54+E54 -> 45250 | G54: =$A$3-F54 -> 41 | J54: =B54 -> 1.5740208e+08
A55: PT Indokom Samudra Persada | B55: 2.32512e+08 | C55: 661 | D55: 45222 | E55: 30 | F55: =D55+E55 -> 45252 | G55: =$A$3-F55 -> 39 | J55: =B55 -> 2.32512e+08
A56: PT Indokom Samudra Persada | B56: 21952351 | C56: 675 | D56: 45231 | E56: 30 | F56: =D56+E56 -> 45261 | G56: =$A$3-F56 -> 30 | I56: =B56 -> 21952351
A57: PT Indokom Samudra Persada | B57: 2.1165647e+08 | C57: 679 | D57: 45232 | E57: 30 | F57: =D57+E57 -> 45262 | G57: =$A$3-F57 -> 29 | I57: =B57 -> 2.1165647e+08
A58: PT Indokom Samudra Persada | B58: 2.2287812e+08 | C58: 690 | D58: 45236 | E58: 30 | F58: =D58+E58 -> 45266 | G58: =$A$3-F58 -> 25 | I58: =B58 -> 2.2287812e+08
A59: PT Indokom Samudra Persada | B59: 85184465 | C59: 699 | D59: 45238 | E59: 30 | F59: =D59+E59 -> 45268 | G59: =$A$3-F59 -> 23 | I59: =B59 -> 85184465
A60: PT Indokom Samudra Persada | B60: 58572546 | C60: 719 | D60: 45246 | E60: 30 | F60: =D60+E60 -> 45276 | G60: =$A$3-F60 -> 15 | I60: =B60 -> 58572546
A61: PT Indokom Samudra Persada | B61: 1.3203719e+08 | C61: 754 | D61: 45261 | E61: 30 | F61: =D61+E61 -> 45291 | G61: =$A$3-F61 -> 0 | H61: =B61 -> 1.3203719e+08
A62: PT Indokom Samudra Persada | B62: 2.3264113e+08 | C62: 757 | D62: 45261 | E62: 30 | F62: =D62+E62 -> 45291 | G62: =$A$3-F62 -> 0 | H62: =B62 -> 2.3264113e+08
A63: PT Indokom Samudra Persada | B63: 2.4156681e+08 | C63: 758 | D63: 45261 | E63: 30 | F63: =D63+E63 -> 45291 | G63: =$A$3-F63 -> 0 | H63: =B63 -> 2.4156681e+08
A64: PT Indokom Samudra Persada | B64: 2.6532175e+08 | C64: 759 | D64: 45261 | E64: 30 | F64: =D64+E64 -> 45291 | G64: =$A$3-F64 -> 0 | H64: =B64 -> 2.6532175e+08
A65: PT Indokom Samudra Persada | B65: 2.2301888e+08 | C65: 766 | D65: 45264 | E65: 30 | F65: =D65+E65 -> 45294 | G65: =$A$3-F65 -> -3 | H65: =B65 -> 2.2301888e+08
A66: PT Indokom Samudra Persada | B66: 2.6938506e+08 | C66: 776 | D66: 45267 | E66: 30 | F66: =D66+E66 -> 45297 | G66: =$A$3-F66 -> -6 | H66: =B66 -> 2.6938506e+08
A67: PT Indokom Samudra Persada | B67: 81264356 | C67: 777 | D67: 45267 | E67: 30 | F67: =D67+E67 -> 45297 | G67: =$A$3-F67 -> -6 | H67: =B67 -> 81264356
A68: PT Indokom Samudra Persada | B68: 2.5655077e+08 | C68: 780 | D68: 45268 | E68: 30 | F68: =D68+E68 -> 45298 | G68: =$A$3-F68 -> -7 | H68: =B68 -> 2.5655077e+08
A69: PT Indokom Samudra Persada | B69: 1.2734542e+08 | C69: 785 | D69: 45271 | E69: 30 | F69: =D69+E69 -> 45301 | G69: =$A$3-F69 -> -10 | H69: =B69 -> 1.2734542e+08
A70: PT Indokom Samudra Persada | B70: 2.9208866e+08 | C70: 786 | D70: 45271 | E70: 30 | F70: =D70+E70 -> 45301 | G70: =$A$3-F70 -> -10 | H70: =B70 -> 2.9208866e+08
A71: PT Indokom Samudra Persada | B71: 2.782911e+08 | C71: 789 | D71: 45272 | E71: 30 | F71: =D71+E71 -> 45302 | G71: =$A$3-F71 -> -11 | H71: =B71 -> 2.782911e+08
A72: PT Indokom Samudra Persada | B72: 2.6809878e+08 | C72: 792 | D72: 45273 | E72: 30 | F72: =D72+E72 -> 45303 | G72: =$A$3-F72 -> -12 | H72: =B72 -> 2.6809878e+08
... A79: PT Indokom Samudra Persada | B79: 57654471 | C79: 829 | D79: 45286 | E79: 30 | F79: =D79+E79 -> 45316 | G79: =$A$3-F79 -> -25 | H79: =B79 -> 57654471
B80: =SUM(B7:B79) -> 2.2109961e+10 | H80: =SUM(H7:H79) -> 1.7719923e+10 | I80: =SUM(I7:I79) -> 6.0172413e+08 | J80: =SUM(J7:J79) -> 1.3246163e+09 | K80: =SUM(K7:K79) -> 0 | L80: =SUM(L7:L79) -> 2.4636975e+09
A81: WBS | B81: 22109961279
B82: =B80-B81 -> -1.1299973

Sheet Piutang Usaha ISP 2023
A1: PT Indokom Samudra Persada
A2: Aging Piutang Dagang
A3: 45291
C5: Invoice | G5: AGING
A6: Nama | B6: Nominal | C6: No | D6: Tanggal | E6: Jatuh Tempo | F6: Tanggal Jatuh Tempo | G6: Aging | H6: Lancar | I6: 1-30 Hari | J6: 31-60 Hari | K6: 61-90 Hari | L6: > 90 Hari | M6: Tanggal Bayar
A7: Crystal Cove Seafoods Corporation | B7: 1669629880 | C7: 026/isp-exp | D7: 45289 | E7: 60 | F7: =D7+E7 -> 45349 | G7: =$A$3-F7 -> -58 | H7: =B7 -> 1669629880 | M7: =B7-H7 -> 0
A8: Crystal Cove Seafoods Corporation | B8: 1600797440 | C8: 027/isp-exp | D8: 45290 | E8: 60 | F8: =D8+E8 -> 45350 | G8: =$A$3-F8 -> -59 | H8: =B8 -> 1600797440 | M8: =B8-H8 -> 0
A9: Kyokuyo Co,, Ltd | B9: 1762980076 | C9: 024/isp-exp | D9: 45275 | E9: 60 | F9: =D9+E9 -> 45335 | G9: =$A$3-F9 -> -44 | H9: =B9 -> 1762980076 | M9: =B9-H9 -> 0
A10: Kyokuyo Co,, Ltd | B10: 1219897362 | C10: 025/isp-exp | D10: 45290 | E10: 60 | F10: =D10+E10 -> 45350 | G10: =$A$3-F10 -> -59 | H10: =B10 -> 1219897362 | M10: =B10-H10 -> 0
A11: Kyokuyo Co,, Ltd | B11: 1243708783 | C11: 026/isp-exp | D11: 45290 | E11: 60 | F11: =D11+E11 -> 45350 | G11: =$A$3-F11 -> -59 | H11: =B11 -> 1243708783 | M11: =B11-H11 -> 0
A13: PT Maju Tambak Sumur Es | B13: 27282427 | D13: 45260 | E13: 30 | F13: =D13+E13 -> 45290 | G13: =$A$3-F13 -> 1 | I13: =B13 -> 27282427 | M13: =B13-SUM(H13:L13) -> 0
A14: PT Maju Tambak Sumur Es | B14: 21017573 | D14: 45280 | E14: 30 | F14: =D14+E14 -> 45310 | G14: =$A$3-F14 -> -19 | H14: =B14 -> 21017573 | M14: =B14-SUM(H14:L14) -> 0
A15: Bapak Iwan-Es | B15: 81190864 | D15: 45260 | E15: 30 | F15: =D15+E15 -> 45290 | G15: =$A$3-F15 -> 1 | I15: =B15 -> 81190864 | M15: =B15-SUM(H15:L15) -> 0
A16: Bapak Iwan-Es | B16: 27129136 | D16: 45291 | E16: 30 | F16: =D16+E16 -> 45321 | G16: =$A$3-F16 -> -30 | H16: =B16 -> 27129136 | M16: =B16-SUM(H16:L16) -> 0
A17: Deska / WMM Es | B17: 49140000 | D17: 45290 | E17: 30 | F17: =D17+E17 -> 45320 | G17: =$A$3-F17 -> -29 | H17: =B17 -> 49140000 | M17: =B17-SUM(H17:L17) -> 0
A18: Piutang Lain-laian di bawah Rp 20.000.000,- | B18: 21370775 | I18: =B18 -> 21370775 | M18: =B18-SUM(H18:L18) -> 0
N19: =SUM(H7:H18) -> 7.5943003e+09 | O19: =SUM(I7:I18) -> 1.2984407e+08 | P19: =SUM(J7:J18) -> 0 | Q19: =SUM(K7:K18) -> 0 | R19: =SUM(L7:L18) -> 0
A20: PT Indo American Seafoods | B20: =30969994.0553579 -> 30969994 | D20: 45290 | E20: 30 | F20: =D20+E20 -> 45320 | G20: =$A$3-F20 -> -29 | H20: =B20 -> 30969994 | M20: =B20-SUM(H20:L20) -> 0
A21: PT Indo American Seafoods | B21: =62487083078.2246 -> 6.2487083e+10 | D21: 45111 | E21: 30 | F21: =D21+E21 -> 45141 | G21: =$A$3-F21 -> 150 | H21: =56390102719.3623-H20 -> 5.6359133e+10 | I21: 1.1244325e+09 | K21: 1.5016481e+09 | L21: 3.5018697e+09 | M21: =B21-SUM(H21:L21) -> -8.392334e-05
B22: =SUM(B7:B21) -> 7.0242197e+10 | H22: =SUM(H7:H21) -> 6.3984403e+10 | I22: =SUM(I7:I21) -> 1.2542766e+09 | J22: =SUM(J7:J21) -> 0 | K22: =SUM(K7:K21) -> 1.5016481e+09 | L22: =SUM(L7:L21) -> 3.5018697e+09
A23: WBS | B23: 70242197387
B24: =B22-B23 -> 1.279953
A26: PT Indo American Seafoods | B26: 270544211 | C26: 36 | E26: 30 | F26: =D26+E26 -> 30 | G26: =$A$3-F26 -> 45261 | L26: =B26 -> 270544211
A27: PT Indo American Seafoods | B27: 274961884 | C27: 49 | E27: 30 | F27: =D27+E27 -> 30 | G27: =$A$3-F27 -> 45261 | L27: =B27 -> 274961884
A28: PT Indo American Seafoods | B28: 332279557 | C28: 56 | E28: 30 | F28: =D28+E28 -> 30 | G28: =$A$3-F28 -> 45261 | L28: =B28 -> 332279557
A29: PT Indo American Seafoods | B29: 332279557 | C29: 57 | E29: 30 | F29: =D29+E29 -> 30 | G29: =$A$3-F29 -> 45261 | L29: =B29 -> 332279557
A30: PT Indo American Seafoods | B30: 332279557 | C30: 58 | E30: 30 | F30: =D30+E30 -> 30 | G30: =$A$3-F30 -> 45261 | L30: =B30 -> 332279557
A31: PT Indo American Seafoods | B31: 332279557 | C31: 59 | E31: 30 | F31: =D31+E31 -> 30 | G31: =$A$3-F31 -> 45261 | L31: =B31 -> 332279557
A32: PT Indo American Seafoods | B32: 332279557 | C32: 60 | E32: 30 | F32: =D32+E32 -> 30 | G32: =$A$3-F32 -> 45261 | L32: =B32 -> 332279557
A33: PT Indo American Seafoods | B33: 296237346 | C33: 65 | E33: 30 | F33: =D33+E33 -> 30 | G33: =$A$3-F33 -> 45261 | L33: =B33 -> 296237346
A34: PT Indo American Seafoods | B34: 277721145 | C34: 67 | E34: 30 | F34: =D34+E34 -> 30 | G34: =$A$3-F34 -> 45261 | L34: =B34 -> 277721145
A35: PT Indo American Seafoods | B35: 232202810 | C35: 74 | E35: 30 | F35: =D35+E35 -> 30 | G35: =$A$3-F35 -> 45261 | L35: =B35 -> 232202810
A36: PT Indo American Seafoods | B36: 288512413 | C36: 75 | E36: 30 | F36: =D36+E36 -> 30 | G36: =$A$3-F36 -> 45261 | L36: =B36 -> 288512413
A37: PT Indo American Seafoods | B37: 329194218 | C37: 76 | E37: 30 | F37: =D37+E37 -> 30 | G37: =$A$3-F37 -> 45261 | L37: =B37 -> 329194218
... A170: PT Indo American Seafoods | B170: 282812193 | C170: 236 | E170: 30 | F170: =D170+E170 -> 30 | G170: =$A$3-F170 -> 45261 | L170: =B170 -> 282812193
A171: PT Indo American Seafoods | B171: 64463126 | C171: 237 | E171: 30 | F171: =D171+E171 -> 30 | G171: =$A$3-F171 -> 45261 | K171: =B171 -> 64463126
A172: PT Indo American Seafoods | B172: 9218075 | C172: 238 | E172: 30 | F172: =D172+E172 -> 30 | G172: =$A$3-F172 -> 45261 | K172: =B172 -> 9218075
A173: PT Indo American Seafoods | B173: 288167142 | C173: 240 | E173: 30 | F173: =D173+E173 -> 30 | G173: =$A$3-F173 -> 45261 | K173: =B173 -> 288167142
A174: PT Indo American Seafoods | B174: 288167142 | C174: 241 | E174: 30 | F174: =D174+E174 -> 30 | G174: =$A$3-F174 -> 45261 | K174: =B174 -> 288167142
A175: PT Indo American Seafoods | B175: 288167142 | C175: 242 | E175: 30 | F175: =D175+E175 -> 30 | G175: =$A$3-F175 -> 45261 | K175: =B175 -> 288167142
A176: PT Indo American Seafoods | B176: 288167142 | C176: 243 | E176: 30 | F176: =D176+E176 -> 30 | G176: =$A$3-F176 -> 45261 | K176: =B176 -> 288167142
A177: PT Indo American Seafoods | B177: 100725891 | C177: 244 | E177: 30 | F177: =D177+E177 -> 30 | G177: =$A$3-F177 -> 45261 | K177: =B177 -> 100725891
A178: PT Indo American Seafoods | B178: 222343420 | C178: 245 | E178: 30 | F178: =D178+E178 -> 30 | G178: =$A$3-F178 -> 45261 | K178: =B178 -> 222343420
A179: PT Indo American Seafoods | B179: 222343420 | C179: 246 | E179: 30 | F179: =D179+E179 -> 30 | G179: =$A$3-F179 -> 45261 | K179: =B179 -> 222343420
A180: PT Indo American Seafoods | B180: 150124190 | C180: 247 | E180: 30 | F180: =D180+E180 -> 30 | G180: =$A$3-F180 -> 45261 | K180: =B180 -> 150124190
A181: PT Indo American Seafoods | B181: 9565269 | C181: 248 | E181: 30 | F181: =D181+E181 -> 30 | G181: =$A$3-F181 -> 45261 | K181: =B181 -> 9565269
A182: PT Indo American Seafoods | B182: 210748110 | C182: 249 | E182: 30 | F182: =D182+E182 -> 30 | G182: =$A$3-F182 -> 45261 | K182: =B182 -> 210748110
... A188: PT Indo American Seafoods | B188: 212851209 | C188: 256 | E188: 30 | F188: =D188+E188 -> 30 | G188: =$A$3-F188 -> 45261 | K188: =B188 -> 212851209
A189: PT Indo American Seafoods | B189: 115518 | C189: 257 | E189: 30 | F189: =D189+E189 -> 30 | G189: =$A$3-F189 -> 45261 | J189: =B189 -> 115518
A190: PT Indo American Seafoods | B190: 194394743 | C190: 258 | E190: 30 | F190: =D190+E190 -> 30 | G190: =$A$3-F190 -> 45261 | J190: =B190 -> 194394743
A191: PT Indo American Seafoods | B191: 194394743 | C191: 259 | E191: 30 | F191: =D191+E191 -> 30 | G191: =$A$3-F191 -> 45261 | J191: =B191 -> 194394743
A192: PT Indo American Seafoods | B192: 186618553 | C192: 260 | E192: 30 | F192: =D192+E192 -> 30 | G192: =$A$3-F192 -> 45261 | J192: =B192 -> 186618553
A193: PT Indo American Seafoods | B193: 289017114 | C193: 261 | E193: 30 | F193: =D193+E193 -> 30 | G193: =$A$3-F193 -> 45261 | J193: =B193 -> 289017114
A194: PT Indo American Seafoods | B194: 289017114 | C194: 262 | E194: 30 | F194: =D194+E194 -> 30 | G194: =$A$3-F194 -> 45261 | J194: =B194 -> 289017114
A195: PT Indo American Seafoods | B195: 289017114 | C195: 263 | E195: 30 | F195: =D195+E195 -> 30 | G195: =$A$3-F195 -> 45261 | J195: =B195 -> 289017114
A196: PT Indo American Seafoods | B196: 289017114 | C196: 264 | E196: 30 | F196: =D196+E196 -> 30 | G196: =$A$3-F196 -> 45261 | J196: =B196 -> 289017114
A197: PT Indo American Seafoods | B197: 289017114 | C197: 265 | E197: 30 | F197: =D197+E197 -> 30 | G197: =$A$3-F197 -> 45261 | J197: =B197 -> 289017114
A198: PT Indo American Seafoods | B198: 286360190 | C198: 267 | E198: 30 | F198: =D198+E198 -> 30 | G198: =$A$3-F198 -> 45261 | J198: =B198 -> 286360190
A199: PT Indo American Seafoods | B199: 35538296 | C199: 268 | E199: 30 | F199: =D199+E199 -> 30 | G199: =$A$3-F199 -> 45261 | J199: =B199 -> 35538296
A200: PT Indo American Seafoods | B200: 296637080 | C200: 269 | E200: 30 | F200: =D200+E200 -> 30 | G200: =$A$3-F200 -> 45261 | J200: =B200 -> 296637080
... A214: PT Indo American Seafoods | B214: 250568827 | C214: 283 | E214: 30 | F214: =D214+E214 -> 30 | G214: =$A$3-F214 -> 45261 | J214: =B214 -> 250568827
A215: PT Indo American Seafoods | B215: 259107787 | C215: 285 | E215: 30 | F215: =D215+E215 -> 30 | G215: =$A$3-F215 -> 45261 | I215: =B215 -> 259107787
A216: PT Indo American Seafoods | B216: 238045604 | C216: 286 | E216: 30 | F216: =D216+E216 -> 30 | G216: =$A$3-F216 -> 45261 | I216: =B216 -> 238045604
A217: PT Indo American Seafoods | B217: 138947214 | C217: 287 | E217: 30 | F217: =D217+E217 -> 30 | G217: =$A$3-F217 -> 45261 | I217: =B217 -> 138947214
A218: PT Indo American Seafoods | B218: 20588810 | C218: 288 | E218: 30 | F218: =D218+E218 -> 30 | G218: =$A$3-F218 -> 45261 | I218: =B218 -> 20588810
A219: PT Indo American Seafoods | B219: 2772442 | C219: 290 | E219: 30 | F219: =D219+E219 -> 30 | G219: =$A$3-F219 -> 45261 | I219: =B219 -> 2772442
A220: PT Indo American Seafoods | B220: 171301045 | C220: 291 | E220: 30 | F220: =D220+E220 -> 30 | G220: =$A$3-F220 -> 45261 | H220: =B220 -> 171301045
A221: PT Indo American Seafoods | B221: 171301045 | C221: 292 | E221: 30 | F221: =D221+E221 -> 30 | G221: =$A$3-F221 -> 45261 | H221: =B221 -> 171301045
A222: PT Indo American Seafoods | B222: 20188245 | C222: 293 | E222: 30 | F222: =D222+E222 -> 30 | G222: =$A$3-F222 -> 45261 | H222: =B222 -> 20188245
A223: PT Indo American Seafoods | B223: 8105750004 | C223: 5 | E223: 30 | F223: =D223+E223 -> 30 | G223: =$A$3-F223 -> 45261 | L223: =B223 -> 8105750004
A224: PT Indo American Seafoods | B224: 4.7884795e+09 | C224: 7 | E224: 30 | F224: =D224+E224 -> 30 | G224: =$A$3-F224 -> 45261 | L224: =B224 -> 4.7884795e+09
B225: =SUM(B26:B224) -> 6.2518053e+10 | H225: =SUM(H7:H224) -> 1.283316e+11 | I225: =SUM(I7:I224) -> 3.1680151e+09 | J225: =SUM(J7:J224) -> 5823432998 | K225: =SUM(K7:K224) -> 6.3193154e+09 | L225: =SUM(L7:L224) -> 5.9360088e+10
B226: =B20+B21 -> 6.2518053e+10
B227: =B226-B225 -> 0

Sheet Hutang Usaha ISP 2023
A1: Aging Hutang Usaha & Subsequent
A2: PT Indokom Samudra Persada
A3: 45291
A5: Nama | B5: Nominal | C5: No Invoice | D5: Tgl Invoice | E5: Jatuh Tempo | F5: Tgl Jatuh Tempo | G5: Aging | H5: Lancar | I5: 1-30 Hari | J5: 31-60 Hari | K5: 61-90 Hari | L5: >90 Hari
A6: Bapak Cipto | B6: 21911630 | E6: 30 | F6: =D6+E6 -> 30 | G6: =$A$3-F6 -> 45261 | I6: =B6 -> 21911630
A7: Gemilang Primajaya Trimandiri, PT | B7: 11995326 | C7: KW2981/GPT/XII/23 | D7: 45266 | E7: 30 | F7: =D7+E7 -> 45296 | G7: =$A$3-F7 -> -5 | H7: =B7 -> 11995326
A8: Gemilang Primajaya Trimandiri, PT | B8: 18867003 | C8: KW2966/GPT/XI/23 | D8: 45231 | E8: 30 | F8: =D8+E8 -> 45261 | G8: =$A$3-F8 -> 30 | I8: =B8 -> 18867003
A10: Halim Sakti Pratama, PT | B10: 1720500 | C10: 23023697 | D10: 45274 | E10: 30 | F10: =D10+E10 -> 45304 | G10: =$A$3-F10 -> -13 | H10: =B10 -> 1720500
A12: Intiragam Oliefindo, PT | B12: 49950000 | C12: 222370/12 | D12: 45278 | E12: 30 | F12: =D12+E12 -> 45308 | G12: =$A$3-F12 -> -17 | H12: =B12 -> 49950000
A14: Konverta Mitra Abadi, PT | B14: 11581740 | C14: 17522005245 | D14: 45274 | E14: 30 | F14: =D14+E14 -> 45304 | G14: =$A$3-F14 -> -13 | H14: =B14 -> 11581740
A15: Konverta Mitra Abadi, PT | B15: 20084950 | C15: 17522005246 | D15: 45274 | E15: 30 | F15: =D15+E15 -> 45304 | G15: =$A$3-F15 -> -13 | H15: =B15 -> 20084950
A16: Konverta Mitra Abadi, PT | B16: 6643350 | C16: 17522005310 | D16: 45278 | E16: 30 | F16: =D16+E16 -> 45308 | G16: =$A$3-F16 -> -17 | H16: =B16 -> 6643350
A17: Konverta Mitra Abadi, PT | B17: 21007770 | C17: 17522005643 | D17: 45283 | E17: 30 | F17: =D17+E17 -> 45313 | G17: =$A$3-F17 -> -22 | H17: =B17 -> 21007770
A18: Konverta Mitra Abadi, PT | B18: 13805625 | C18: 17522005644 | D18: 45283 | E18: 30 | F18: =D18+E18 -> 45313 | G18: =$A$3-F18 -> -22 | H18: =B18 -> 13805625
A19: Konverta Mitra Abadi, PT | B19: 25821042 | C19: 17522005645 | D19: 45284 | E19: 30 | F19: =D19+E19 -> 45314 | G19: =$A$3-F19 -> -23 | H19: =B19 -> 25821042
A20: Konverta Mitra Abadi, PT | B20: 2525971 | C20: 17522006067 | D20: 45279 | E20: 30 | F20: =D20+E20 -> 45309 | G20: =$A$3-F20 -> -18 | H20: =B20 -> 2525971
A22: Lima Pendawa, CV | B22: 22200000 | C22: 003/LP/INV/XI/2022 | D22: 44872 | E22: 30 | F22: =D22+E22 -> 44902 | G22: =$A$3-F22 -> 389 | L22: =B22 -> 22200000
A24: Samara Cipta Solution, CV | B24: 41818939 | C24: F/SCS/0021/I/23 | D24: 45174 | E24: 30 | F24: =D24+E24 -> 45204 | G24: =$A$3-F24 -> 87 | K24: =B24 -> 41818939
A25: Samara Cipta Solution, CV | B25: 8325000 | C25: F/SCS/0078/I/23 | D25: 45185 | E25: 30 | F25: =D25+E25 -> 45215 | G25: =$A$3-F25 -> 76 | K25: =B25 -> 8325000
A26: Samara Cipta Solution, CV | B26: 1598400 | C26: F/SCS/0079/I/23 | D26: 45185 | E26: 30 | F26: =D26+E26 -> 45215 | G26: =$A$3-F26 -> 76 | K26: =B26 -> 1598400
A27: Samara Cipta Solution, CV | B27: 4855252 | C27: F/SCS/0079/H/23 | D27: 45194 | E27: 30 | F27: =D27+E27 -> 45224 | G27: =$A$3-F27 -> 67 | K27: =B27 -> 4855252
A28: Samara Cipta Solution, CV | B28: 57400542 | C28: F/SCS/0125/L/23 | D28: 45285 | E28: 30 | F28: =D28+E28 -> 45315 | G28: =$A$3-F28 -> -24 | H28: =B28 -> 57400542
A29: Samara Cipta Solution, CV | B29: 8325000 | C29: F/SCS/0131/L/23 | D29: 45286 | E29: 30 | F29: =D29+E29 -> 45316 | G29: =$A$3-F29 -> -25 | H29: =B29 -> 8325000
A31: Seven Mountain Internasional, PT | B31: 20684850 | C31: 281123002 | D31: 45258 | E31: 30 | F31: =D31+E31 -> 45288 | G31: =$A$3-F31 -> 3 | I31: =B31 -> 20684850
A33: Sinar Panca Surya, PT | B33: 34576502 | C33: IN.1223.0024 | D33: 45280 | E33: 30 | F33: =D33+E33 -> 45310 | G33: =$A$3-F33 -> -19 | H33: =B33 -> 34576502
A35: Sinar Setia Mulia , PT | B35: 1050000 | C35: I/SL-061895 | D35: 45258 | E35: 30 | F35: =D35+E35 -> 45288 | G35: =$A$3-F35 -> 3 | H35: =B35 -> 1050000
A36: Sinar Setia Mulia , PT | B36: 42400000 | C36: I/SL-062176 | D36: 45266 | E36: 30 | F36: =D36+E36 -> 45296 | G36: =$A$3-F36 -> -5 | H36: =B36 -> 42400000
A37: Sinar Setia Mulia , PT | B37: 13500000 | C37: I/SL-062152 | D37: 45266 | E37: 30 | F37: =D37+E37 -> 45296 | G37: =$A$3-F37 -> -5 | H37: =B37 -> 13500000
A39: Sumber Energy, PT | B39: 27000000 | C39: INV/FP/23/12/155 | D39: 45282 | E39: 30 | F39: =D39+E39 -> 45312 | G39: =$A$3-F39 -> -21 | H39: =B39 -> 27000000
A41: CJ Cheiljedang Feed Lampung, PT | B41: 23850000 | D41: 45253 | E41: 30 | F41: =D41+E41 -> 45283 | G41: =$A$3-F41 -> 8 | I41: =B41 -> 23850000
A42: CJ Cheiljedang Feed Lampung, PT | B42: 32600000 | D42: 45253 | E42: 30 | F42: =D42+E42 -> 45283 | G42: =$A$3-F42 -> 8 | I42: =B42 -> 32600000
A43: CJ Cheiljedang Feed Lampung, PT | B43: 47700000 | D43: 45253 | E43: 30 | F43: =D43+E43 -> 45283 | G43: =$A$3-F43 -> 8 | I43: =B43 -> 47700000
A44: CJ Cheiljedang Feed Lampung, PT | B44: 5722500 | D44: 45253 | E44: 30 | F44: =D44+E44 -> 45283 | G44: =$A$3-F44 -> 8 | I44: =B44 -> 5722500
A45: CJ Cheiljedang Feed Lampung, PT | B45: 63600000 | D45: 45253 | E45: 30 | F45: =D45+E45 -> 45283 | G45: =$A$3-F45 -> 8 | I45: =B45 -> 63600000
A46: CJ Cheiljedang Feed Lampung, PT | B46: 7950000 | D46: 45260 | E46: 30 | F46: =D46+E46 -> 45290 | G46: =$A$3-F46 -> 1 | I46: =B46 -> 7950000
A47: CJ Cheiljedang Feed Lampung, PT | B47: 15900000 | D47: 45260 | E47: 30 | F47: =D47+E47 -> 45290 | G47: =$A$3-F47 -> 1 | I47: =B47 -> 15900000
A48: CJ Cheiljedang Feed Lampung, PT | B48: 95400000 | D48: 45260 | E48: 30 | F48: =D48+E48 -> 45290 | G48: =$A$3-F48 -> 1 | I48: =B48 -> 95400000
A49: CJ Cheiljedang Feed Lampung, PT | B49: 63600000 | D49: 45260 | E49: 30 | F49: =D49+E49 -> 45290 | G49: =$A$3-F49 -> 1 | I49: =B49 -> 63600000
A50: CJ Cheiljedang Feed Lampung, PT | B50: 81750000 | D50: 45266 | E50: 30 | F50: =D50+E50 -> 45296 | G50: =$A$3-F50 -> -5 | H50: =B50 -> 81750000
A51: CJ Cheiljedang Feed Lampung, PT | B51: 81750000 | D51: 45268 | E51: 30 | F51: =D51+E51 -> 45298 | G51: =$A$3-F51 -> -7 | H51: =B51 -> 81750000
A52: CJ Cheiljedang Feed Lampung, PT | B52: 23850000 | D52: 45272 | E52: 30 | F52: =D52+E52 -> 45302 | G52: =$A$3-F52 -> -11 | H52: =B52 -> 23850000
A53: CJ Cheiljedang Feed Lampung, PT | B53: 63600000 | D53: 45272 | E53: 30 | F53: =D53+E53 -> 45302 | G53: =$A$3-F53 -> -11 | H53: =B53 -> 63600000
A54: CJ Cheiljedang Feed Lampung, PT | B54: 31800000 | D54: 45272 | E54: 30 | F54: =D54+E54 -> 45302 | G54: =$A$3-F54 -> -11 | H54: =B54 -> 31800000
A55: CJ Cheiljedang Feed Lampung, PT | B55: 7950000 | D55: 45272 | E55: 30 | F55: =D55+E55 -> 45302 | G55: =$A$3-F55 -> -11 | H55: =B55 -> 7950000
A56: CJ Cheiljedang Feed Lampung, PT | B56: 32700000 | D56: 45272 | E56: 30 | F56: =D56+E56 -> 45302 | G56: =$A$3-F56 -> -11 | H56: =B56 -> 32700000
A57: CJ Cheiljedang Feed Lampung, PT | B57: 15900000 | D57: 45272 | E57: 30 | F57: =D57+E57 -> 45302 | G57: =$A$3-F57 -> -11 | H57: =B57 -> 15900000
A58: CJ Cheiljedang Feed Lampung, PT | B58: 63600000 | D58: 45273 | E58: 30 | F58: =D58+E58 -> 45303 | G58: =$A$3-F58 -> -12 | H58: =B58 -> 63600000
A59: CJ Cheiljedang Feed Lampung, PT | B59: 81750000 | D59: 45273 | E59: 30 | F59: =D59+E59 -> 45303 | G59: =$A$3-F59 -> -12 | H59: =B59 -> 81750000
A60: CJ Cheiljedang Feed Lampung, PT | B60: 63600000 | D60: 45282 | E60: 30 | F60: =D60+E60 -> 45312 | G60: =$A$3-F60 -> -21 | H60: =B60 -> 63600000
A61: CJ Cheiljedang Feed Lampung, PT | B61: 63600000 | D61: 45282 | E61: 30 | F61: =D61+E61 -> 45312 | G61: =$A$3-F61 -> -21 | H61: =B61 -> 63600000
... A64: CJ Cheiljedang Feed Lampung, PT | B64: 32600000 | D64: 45282 | E64: 30 | F64: =D64+E64 -> 45312 | G64: =$A$3-F64 -> -21 | H64: =B64 -> 32600000
A66: Nusantara, Toko | B66: 5025000 | D66: 45231 | E66: 30 | F66: =D66+E66 -> 45261 | G66: =$A$3-F66 -> 30 | I66: =B66 -> 5025000
A68: Sumatra Motor Teknindo, PT | B68: 993450 | C68: SMT 2308248 | D68: 45214 | E68: 30 | F68: =D68+E68 -> 45244 | G68: =$A$3-F68 -> 47 | J68: =B68 -> 993450
A69: Sumatra Motor Teknindo, PT | B69: 1554000 | C69: SMT 2308251 | D69: 45218 | E69: 30 | F69: =D69+E69 -> 45248 | G69: =$A$3-F69 -> 43 | J69: =B69 -> 1554000
A70: Sumatra Motor Teknindo, PT | B70: 125985 | C70: SMT 2308252 | D70: 45218 | E70: 30 | F70: =D70+E70 -> 45248 | G70: =$A$3-F70 -> 43 | J70: =B70 -> 125985
A71: Sumatra Motor Teknindo, PT | B71: 1554000 | C71: SMT 2308253 | D71: 45218 | E71: 30 | F71: =D71+E71 -> 45248 | G71: =$A$3-F71 -> 43 | J71: =B71 -> 1554000
A72: Sumatra Motor Teknindo, PT | B72: 2266620 | C72: SMT 2308254 | D72: 45224 | E72: 30 | F72: =D72+E72 -> 45254 | G72: =$A$3-F72 -> 37 | J72: =B72 -> 2266620
A73: Sumatra Motor Teknindo, PT | B73: 2620266 | C73: SMT 2307344 | D73: 45142 | E73: 30 | F73: =D73+E73 -> 45172 | G73: =$A$3-F73 -> 119 | L73: =B73 -> 2620266
A74: Sumatra Motor Teknindo, PT | B74: 199800 | C74: SMT 2307348 | D74: 45149 | E74: 30 | F74: =D74+E74 -> 45179 | G74: =$A$3-F74 -> 112 | L74: =B74 -> 199800
A75: Sumatra Motor Teknindo, PT | B75: 652680 | C75: SMT 2307349 | D75: 45149 | E75: 30 | F75: =D75+E75 -> 45179 | G75: =$A$3-F75 -> 112 | L75: =B75 -> 652680
A76: Sumatra Motor Teknindo, PT | B76: 691530 | C76: SMT 2307352 | D76: 45151 | E76: 30 | F76: =D76+E76 -> 45181 | G76: =$A$3-F76 -> 110 | L76: =B76 -> 691530
A77: Sumatra Motor Teknindo, PT | B77: 55500 | C77: SMT 2307355 | D77: 45155 | E77: 30 | F77: =D77+E77 -> 45185 | G77: =$A$3-F77 -> 106 | L77: =B77 -> 55500
A78: Sumatra Motor Teknindo, PT | B78: 260850 | C78: SMT 2307356 | D78: 45155 | E78: 30 | F78: =D78+E78 -> 45185 | G78: =$A$3-F78 -> 106 | L78: =B78 -> 260850
A79: Sumatra Motor Teknindo, PT | B79: 840270 | C79: SMT 2307357 | D79: 45158 | E79: 30 | F79: =D79+E79 -> 45188 | G79: =$A$3-F79 -> 103 | L79: =B79 -> 840270
A80: Sumatra Motor Teknindo, PT | B80: 1820400 | C80: SMT 2310413 | D80: 45234 | E80: 30 | F80: =D80+E80 -> 45264 | G80: =$A$3-F80 -> 27 | I80: =B80 -> 1820400
A81: Sumatra Motor Teknindo, PT | B81: 1176600 | C81: SMT 2310412 | D81: 45236 | E81: 30 | F81: =D81+E81 -> 45266 | G81: =$A$3-F81 -> 25 | I81: =B81 -> 1176600
A82: Sumatra Motor Teknindo, PT | B82: 793650 | C82: SMT 2310414 | D82: 45240 | E82: 30 | F82: =D82+E82 -> 45270 | G82: =$A$3-F82 -> 21 | I82: =B82 -> 793650
A83: Sumatra Motor Teknindo, PT | B83: 222000 | C83: SMT 2310407 | D83: 45246 | E83: 30 | F83: =D83+E83 -> 45276 | G83: =$A$3-F83 -> 15 | I83: =B83 -> 222000
A84: Sumatra Motor Teknindo, PT | B84: 649350 | C84: SMT 2310410 | D84: 45250 | E84: 30 | F84: =D84+E84 -> 45280 | G84: =$A$3-F84 -> 11 | I84: =B84 -> 649350
A85: Sumatra Motor Teknindo, PT | B85: 1277832 | C85: SMT 2309327 | D85: 45201 | E85: 30 | F85: =D85+E85 -> 45231 | G85: =$A$3-F85 -> 60 | J85: =B85 -> 1277832
A86: Sumatra Motor Teknindo, PT | B86: 382950 | C86: SMT 2309315 | D86: 45203 | E86: 30 | F86: =D86+E86 -> 45233 | G86: =$A$3-F86 -> 58 | J86: =B86 -> 382950
A87: Sumatra Motor Teknindo, PT | B87: 566100 | C87: SMT 2309314 | D87: 45204 | E87: 30 | F87: =D87+E87 -> 45234 | G87: =$A$3-F87 -> 57 | J87: =B87 -> 566100
A88: Sumatra Motor Teknindo, PT | B88: 555000 | C88: SMT 2309316 | D88: 45211 | E88: 30 | F88: =D88+E88 -> 45241 | G88: =$A$3-F88 -> 50 | J88: =B88 -> 555000
A89: Sumatra Motor Teknindo, PT | B89: 177600 | C89: SMT 2309317 | D89: 45224 | E89: 30 | F89: =D89+E89 -> 45254 | G89: =$A$3-F89 -> 37 | J89: =B89 -> 177600
A90: Sumatra Motor Teknindo, PT | B90: 1669440 | C90: SMT 2307345 | D90: 45142 | E90: 30 | F90: =D90+E90 -> 45172 | G90: =$A$3-F90 -> 119 | L90: =B90 -> 1669440
A91: Sumatra Motor Teknindo, PT | B91: 954600 | C91: SMT 2307350 | D91: 45149 | E91: 30 | F91: =D91+E91 -> 45179 | G91: =$A$3-F91 -> 112 | L91: =B91 -> 954600
A92: Sumatra Motor Teknindo, PT | B92: 705960 | C92: SMT 2310409 | D92: 45246 | E92: 30 | F92: =D92+E92 -> 45276 | G92: =$A$3-F92 -> 15 | I92: =B92 -> 705960
A93: Sumatra Motor Teknindo, PT | B93: 7525800 | C93: 2311339 | D93: 45239 | E93: 30 | F93: =D93+E93 -> 45269 | G93: =$A$3-F93 -> 22 | I93: =B93 -> 7525800
A94: Sumatra Motor Teknindo, PT | B94: 4329000 | C94: 2308249 | D94: 45153 | E94: 30 | F94: =D94+E94 -> 45183 | G94: =$A$3-F94 -> 108 | L94: =B94 -> 4329000
A95: Sumatra Motor Teknindo, PT | B95: 3829500 | C95: 2308250 | D95: 45153 | E95: 30 | F95: =D95+E95 -> 45183 | G95: =$A$3-F95 -> 108 | L95: =B95 -> 3829500
A96: Sumatra Motor Teknindo, PT | B96: 3762900 | C96: 2308246 | D96: 45149 | E96: 30 | F96: =D96+E96 -> 45179 | G96: =$A$3-F96 -> 112 | L96: =B96 -> 3762900
A97: Sumatra Motor Teknindo, PT | B97: 2596290 | C97: 2311338 | D97: 45225 | E97: 30 | F97: =D97+E97 -> 45255 | G97: =$A$3-F97 -> 36 | J97: =B97 -> 2596290
A98: Sumatra Motor Teknindo, PT | B98: 2257740 | C98: SMT2311337 | D98: 45194 | E98: 30 | F98: =D98+E98 -> 45224 | G98: =$A$3-F98 -> 67 | K98: =B98 -> 2257740
A99: Sumatra Motor Teknindo, PT | B99: 2114550 | C99: 2308247 | D99: 45149 | E99: 30 | F99: =D99+E99 -> 45179 | G99: =$A$3-F99 -> 112 | L99: =B99 -> 2114550
A100: Sumatra Motor Teknindo, PT | B100: 2097900 | C100: SMT2311336 | D100: 45194 | E100: 30 | F100: =D100+E100 -> 45224 | G100: =$A$3-F100 -> 67 | K100: =B100 -> 2097900
A101: Sumatra Motor Teknindo, PT | B101: 1881450 | C101: 2309328 | D101: 45166 | E101: 30 | F101: =D101+E101 -> 45196 | G101: =$A$3-F101 -> 95 | L101: =B101 -> 1881450
A102: Sumatra Motor Teknindo, PT | B102: 1881450 | C102: 2310408 | D102: 45215 | E102: 30 | F102: =D102+E102 -> 45245 | G102: =$A$3-F102 -> 46 | J102: =B102 -> 1881450
A103: Sumatra Motor Teknindo, PT | B103: 1293150 | C103: 2309329 | D103: 45167 | E103: 30 | F103: =D103+E103 -> 45197 | G103: =$A$3-F103 -> 94 | L103: =B103 -> 1293150
A104: Sumatra Motor Teknindo, PT | B104: 1094460 | C104: 2310411 | D104: 45203 | E104: 30 | F104: =D104+E104 -> 45233 | G104: =$A$3-F104 -> 58 | J104: =B104 -> 1094460
A105: Sumatra Motor Teknindo, PT | B105: 638250 | C105: 2308245 | D105: 45146 | E105: 30 | F105: =D105+E105 -> 45176 | G105: =$A$3-F105 -> 115 | L105: =B105 -> 638250
A106: Sumatra Motor Teknindo, PT | B106: 160950 | C106: 2308245A | D106: 45149 | E106: 30 | F106: =D106+E106 -> 45179 | G106: =$A$3-F106 -> 112 | L106: =B106 -> 160950
A107: Sumatra Motor Teknindo, PT | B107: 39763276 | D107: 44927 | E107: 30 | F107: =D107+E107 -> 44957 | G107: =$A$3-F107 -> 334 | L107: =B107 -> 39763276
A109: International Packaging M, (IPM), PT | B109: 971250 | C109: 005557-005/ISP/VIII/22 | D109: 44802 | E109: 30 | F109: =D109+E109 -> 44832 | G109: =$A$3-F109 -> 459 | L109: =B109 -> 971250
A111: Prima Akuakultur Lestari, PT | B111: 24990000 | C111: 6 | D111: 44896 | E111: 30 | F111: =D111+E111 -> 44926 | G111: =$A$3-F111 -> 365 | L111: =B111 -> 24990000
A113: AKR Corporindo Tbk, PT | B113: 75000000 | C113: 100122358883636 | D113: 45177 | E113: 30 | F113: =D113+E113 -> 45207 | G113: =$A$3-F113 -> 84 | L113: =B113 -> 75000000
A115: General Agromesin Lestari, PT | B115: 116369995 | C115: TS18803143 | D115: 45265 | E115: 30 | F115: =D115+E115 -> 45295 | G115: =$A$3-F115 -> -4 | H115: =B115 -> 116369995
A117: Maju Tambak Sumur, PT | B117: 29249998 | C117: 2023-XII-PL-13 | D117: 45280 | E117: 30 | F117: =D117+E117 -> 45310 | G117: =$A$3-F117 -> -19 | H117: =B117 -> 29249998
A119: Sumberdaya Sinar Baru, PT | B119: 19068210 | C119: 10116 | D119: 45244 | E119: 30 | F119: =D119+E119 -> 45274 | G119: =$A$3-F119 -> 17 | I119: =B119 -> 19068210
A121: Mandiri Jaya Perkasa (Sanbe), CV | B121: 49110000 | C121: 561 | D121: 45258 | E121: 30 | F121: =D121+E121 -> 45288 | G121: =$A$3-F121 -> 3 | I121: =B121 -> 49110000
A122: Mandiri Jaya Perkasa (Sanbe), CV | B122: 22150000 | C122: 1223/613 | D122: 45280 | E122: 30 | F122: =D122+E122 -> 45310 | G122: =$A$3-F122 -> -19 | H122: =B122 -> 22150000
...

Sheet Piutang Usaha 2022
A1: PT Indokom Samudra Persada
A2: Aging Piutang Dagang
A3: 44926
C5: Invoice | G5: AGING
A6: Nama | B6: Nominal | C6: No | D6: Tanggal | E6: Jatuh Tempo | F6: Tanggal Jatuh Tempo | G6: Aging | H6: Lancar | I6: 1-30 Hari | J6: 31-60 Hari | K6: 61-90 Hari | L6: > 90 Hari | M6: Tanggal Bayar
A7: Easternfish Company | B7: 1791760900 | D7: 44865 | E7: 60 | F7: =D7+E7 -> 44925 | G7: =$A$3-F7 -> 1 | I7: =B7 -> 1791760900 | M7: 44930
A8: Easternfish Company | B8: 2219644100 | C8: 090/ISP-EXP | D8: 44926 | E8: 60 | F8: =D8+E8 -> 44986 | G8: =$A$3-F8 -> -60 | H8: =B8 -> 2219644100 | M8: SHIFTBACK
A9: Crystal Cove Seafoods Corporation | B9: 1498694731 | D9: 44895 | E9: 60 | F9: =D9+E9 -> 44955 | G9: =$A$3-F9 -> -29 | H9: =B9 -> 1498694731 | M9: 44938
A10: Honsui Corporation | B10: 1.9243669e+09 | D10: 44895 | E10: 60 | F10: =D10+E10 -> 44955 | G10: =$A$3-F10 -> -29 | H10: =B10 -> 1.9243669e+09 | M10: 44942
A11: Censea Inc. | B11: =3327237119 -> 3327237119 | D11: 44895 | E11: 60 | F11: =D11+E11 -> 44955 | G11: =$A$3-F11 -> -29 | H11: =B11 -> 3327237119 | M11: SHIFTBACK
A12: Censea Inc. | B12: 2013568000 | C12: 089/ISP - EXP | D12: 44926 | E12: 60 | F12: =D12+E12 -> 44986 | G12: =$A$3-F12 -> -60 | H12: =B12 -> 2013568000 | M12: SHIFTBACK
A13: Censea Inc. | B13: 2013568000 | C13: 089/ISP - EXP | D13: 44926 | E13: 60 | F13: =D13+E13 -> 44986 | G13: =$A$3-F13 -> -60 | H13: =B13 -> 2013568000
A14: Kyokuyo Co,, Ltd | B14: 1.9351103e+09 | D14: 44895 | E14: 60 | F14: =D14+E14 -> 44955 | G14: =$A$3-F14 -> -29 | H14: =B14 -> 1.9351103e+09 | M14: 44928
A15: Kyokuyo Co,, Ltd | B15: 1398234204 | C15: 088/ISP-EXP | D15: 44926 | E15: 60 | F15: =D15+E15 -> 44986 | G15: =$A$3-F15 -> -60 | H15: =B15 -> 1398234204 | M15: 44960
A16: Kyokuyo Co,, Ltd | B16: 1.3762838e+09 | C16: 091/ISP-EXP | D16: 44926 | E16: 60 | F16: =D16+E16 -> 44986 | G16: =$A$3-F16 -> -60 | H16: =B16 -> 1.3762838e+09 | M16: 44956
A18: PT Maju Tambak Sumur Es | B18: 49950000 | D18: 44895 | E18: 30 | F18: =D18+E18 -> 44925 | G18: =$A$3-F18 -> 1 | I18: =B18 -> 49950000 | M18: 44951
A19: PT Maju Tambak Sumur Es | B19: 38480000 | D19: 44914 | E19: 30 | F19: =D19+E19 -> 44944 | G19: =$A$3-F19 -> -18 | H19: =B19 -> 38480000
A20: Bapak Iwan-Es | B20: 14335000 | D20: 44888 | E20: 30 | F20: =D20+E20 -> 44918 | G20: =$A$3-F20 -> 8 | I20: =B20 -> 14335000 | M20: 44932
A21: Bapak Iwan-Es | B21: 8440000 | D21: 44895 | E21: 30 | F21: =D21+E21 -> 44925 | G21: =$A$3-F21 -> 1 | I21: =B21 -> 8440000
A22: Bapak Iwan-Es | B22: 10325000 | D22: 44902 | E22: 30 | F22: =D22+E22 -> 44932 | G22: =$A$3-F22 -> -6 | H22: =B22 -> 10325000
A23: Bapak Iwan-Es | B23: 11395000 | D23: 44909 | E23: 30 | F23: =D23+E23 -> 44939 | G23: =$A$3-F23 -> -13 | H23: =B23 -> 11395000
A24: Bapak Iwan-Es | B24: 20260000 | D24: 44917 | E24: 30 | F24: =D24+E24 -> 44947 | G24: =$A$3-F24 -> -21 | H24: =B24 -> 20260000
A25: Bapak Iwan-Es | B25: 19180000 | D25: 44923 | E25: 30 | F25: =D25+E25 -> 44953 | G25: =$A$3-F25 -> -27 | H25: =B25 -> 19180000
A26: Bapak Iwan-Es | B26: 7000000 | D26: 44924 | E26: 30 | F26: =D26+E26 -> 44954 | G26: =$A$3-F26 -> -28 | H26: =B26 -> 7000000
A27: Paiutang Lain-Lain dibawah 20 juta | B27: 19754400 | I27: =B27 -> 19754400
N28: =SUM(H7:H27) -> 1.7813347e+10 | O28: =SUM(I7:I27) -> 1884240300 | P28: =SUM(J7:J27) -> 0 | Q28: =SUM(K7:K27) -> 0 | R28: =SUM(L7:L27) -> 0
A29: PT Indokom Global Investama | B29: 10500000 | L29: =B29 -> 10500000
A30: PT Indokom Global Persada | B30: 500000000 | L30: =B30 -> 500000000
A31: PT Indokom Citra Persada Lampung | B31: 6000000000 | L31: =B31 -> 6000000000
A32: PT Indo American Seafoods | B32: 222444 | D32: 44924 | E32: 30 | F32: =D32+E32 -> 44954 | G32: =$A$3-F32 -> -28 | H32: =B32 -> 222444
A33: PT Indo American Seafoods | B33: 544566 | D33: 44925 | E33: 30 | F33: =D33+E33 -> 44955 | G33: =$A$3-F33 -> -29 | H33: =B33 -> 544566
A34: PT Indo American Seafoods | B34: 497280 | D34: 44926 | E34: 30 | F34: =D34+E34 -> 44956 | G34: =$A$3-F34 -> -30 | H34: =B34 -> 497280
A35: PT Indo American Seafoods | B35: 228265929 | D35: 44746 | E35: 30 | F35: =D35+E35 -> 44776 | G35: =$A$3-F35 -> 150 | L35: =B35 -> 228265929
A36: PT Indo American Seafoods | B36: 55357980 | D36: 44749 | E36: 30 | F36: =D36+E36 -> 44779 | G36: =$A$3-F36 -> 147 | L36: =B36 -> 55357980
A37: PT Indo American Seafoods | B37: 260605799 | D37: 44762 | E37: 30 | F37: =D37+E37 -> 44792 | G37: =$A$3-F37 -> 134 | L37: =B37 -> 260605799
A38: PT Indo American Seafoods | B38: 35585006 | D38: 44740 | E38: 30 | F38: =D38+E38 -> 44770 | G38: =$A$3-F38 -> 156 | L38: =B38 -> 35585006
A39: PT Indo American Seafoods | B39: 38031867 | D39: 44740 | E39: 30 | F39: =D39+E39 -> 44770 | G39: =$A$3-F39 -> 156 | L39: =B39 -> 38031867
A40: PT Indo American Seafoods | B40: 60150255 | D40: 44709 | E40: 30 | F40: =D40+E40 -> 44739 | G40: =$A$3-F40 -> 187 | L40: =B40 -> 60150255
A41: PT Indo American Seafoods | B41: 154879750 | D41: 44743 | E41: 30 | F41: =D41+E41 -> 44773 | G41: =$A$3-F41 -> 153 | L41: =B41 -> 154879750
A42: PT Indo American Seafoods | B42: 73938096 | D42: 44747 | E42: 30 | F42: =D42+E42 -> 44777 | G42: =$A$3-F42 -> 149 | L42: =B42 -> 73938096
A43: PT Indo American Seafoods | B43: 58293295 | D43: 44748 | E43: 30 | F43: =D43+E43 -> 44778 | G43: =$A$3-F43 -> 148 | L43: =B43 -> 58293295
A44: PT Indo American Seafoods | B44: 31870979 | D44: 44748 | E44: 30 | F44: =D44+E44 -> 44778 | G44: =$A$3-F44 -> 148 | L44: =B44 -> 31870979
A45: PT Indo American Seafoods | B45: 194720720 | D45: 44753 | E45: 30 | F45: =D45+E45 -> 44783 | G45: =$A$3-F45 -> 143 | L45: =B45 -> 194720720
A46: PT Indo American Seafoods | B46: 14204545 | D46: 44767 | E46: 30 | F46: =D46+E46 -> 44797 | G46: =$A$3-F46 -> 129 | L46: =B46 -> 14204545
... A58: PT Indo American Seafoods | B58: 209574811 | D58: 44771 | E58: 30 | F58: =D58+E58 -> 44801 | G58: =$A$3-F58 -> 125 | L58: =B58 -> 209574811
B59: =SUM(B7:B58) -> 2.8760266e+10 | H59: =SUM(H7:H58) -> 1.7814611e+10 | I59: =SUM(I7:I58) -> 1884240300 | J59: =SUM(J7:J58) -> 0 | K59: =SUM(K7:K58) -> 0 | L59: =SUM(L7:L58) -> 9061414092
A60: WBS | B60: 28760265833
B61: =B59-B60 -> 0.56000137

Sheet Hutang Usaha ISP 2022
A1: Aging Hutang Usaha & Subsequent
A2: PT Indokom Samudra Persada
A3: 44926
A5: Nama | B5: Nominal | C5: No Invoice | D5: Tgl Invoice | E5: Jatuh Tempo | F5: Tgl Jatuh Tempo | G5: Aging | H5: Lancar | I5: 1-30 Hari | J5: 31-60 Hari | K5: 61-90 Hari | L5: >90 Hari
B6: 200000 | D6: 44905 | E6: 30 | F6: =D6+E6 -> 44935 | G6: =$A$3-F6 -> -9 | H6: =B6 -> 200000
B7: 63400 | D7: 44908 | E7: 30 | F7: =D7+E7 -> 44938 | G7: =$A$3-F7 -> -12 | H7: =B7 -> 63400
B8: 5500 | D8: 44918 | E8: 30 | F8: =D8+E8 -> 44948 | G8: =$A$3-F8 -> -22 | H8: =B8 -> 5500
B9: 300000 | D9: 44923 | E9: 30 | F9: =D9+E9 -> 44953 | G9: =$A$3-F9 -> -27 | H9: =B9 -> 300000
B10: 134600 | D10: 44922 | E10: 30 | F10: =D10+E10 -> 44952 | G10: =$A$3-F10 -> -26 | H10: =B10 -> 134600
B11: 96400 | D11: 44925 | E11: 30 | F11: =D11+E11 -> 44955 | G11: =$A$3-F11 -> -29 | H11: =B11 -> 96400
B12: 75000 | D12: 44900 | E12: 30 | F12: =D12+E12 -> 44930 | G12: =$A$3-F12 -> -4 | H12: =B12 -> 75000
B13: 16500 | D13: 44924 | E13: 30 | F13: =D13+E13 -> 44954 | G13: =$A$3-F13 -> -28 | H13: =B13 -> 16500
B14: 999080 | D14: 44922 | E14: 30 | F14: =D14+E14 -> 44952 | G14: =$A$3-F14 -> -26 | H14: =B14 -> 999080
B15: 85000 | D15: 44908 | E15: 30 | F15: =D15+E15 -> 44938 | G15: =$A$3-F15 -> -12 | H15: =B15 -> 85000
B16: 30000 | D16: 44915 | E16: 30 | F16: =D16+E16 -> 44945 | G16: =$A$3-F16 -> -19 | H16: =B16 -> 30000
B17: 26000 | D17: 44922 | E17: 30 | F17: =D17+E17 -> 44952 | G17: =$A$3-F17 -> -26 | H17: =B17 -> 26000
... B22: 75000 | D22: 44919 | E22: 30 | F22: =D22+E22 -> 44949 | G22: =$A$3-F22 -> -23 | H22: =B22 -> 75000
A23: Bakti Angurah Kreasi,CV | B23: 29990000 | D23: 44833 | E23: 30 | F23: =D23+E23 -> 44863 | G23: =$A$3-F23 -> 63 | K23: =B23 -> 29990000
B24: 19490000 | D24: 44855 | E24: 30 | F24: =D24+E24 -> 44885 | G24: =$A$3-F24 -> 41 | J24: =B24 -> 19490000
B25: 19490000 | D25: 44810 | E25: 30 | F25: =D25+E25 -> 44840 | G25: =$A$3-F25 -> 86 | K25: =B25 -> 19490000
B26: 19490000 | D26: 44875 | E26: 30 | F26: =D26+E26 -> 44905 | G26: =$A$3-F26 -> 21 | I26: =B26 -> 19490000
B27: 23990000 | D27: 44882 | E27: 30 | F27: =D27+E27 -> 44912 | G27: =$A$3-F27 -> 14 | I27: =B27 -> 23990000
A28: AGS Sejahtera, CV, | B28: 44910000 | D28: 44915 | E28: 30 | F28: =D28+E28 -> 44945 | G28: =$A$3-F28 -> -19 | H28: =B28 -> 44910000
A29: Gemilang Primajaya Trimandiri, PT | B29: 80560559 | D29: 44896 | E29: 30 | F29: =D29+E29 -> 44926 | G29: =$A$3-F29 -> 0 | H29: =B29 -> 80560559
A30: Halim Sakti Pratama, PT | B30: 1720500 | D30: 44887 | E30: 30 | F30: =D30+E30 -> 44917 | G30: =$A$3-F30 -> 9 | I30: =B30 -> 1720500
A31: Intiragam Oliefindo, PT | B31: 51060000 | D31: 44883 | E31: 30 | F31: =D31+E31 -> 44913 | G31: =$A$3-F31 -> 13 | I31: =B31 -> 51060000
A32: Konverta Mitra Abadi, PT | B32: 23428881 | D32: 44897 | E32: 30 | F32: =D32+E32 -> 44927 | G32: =$A$3-F32 -> -1 | H32: =B32 -> 23428881
B33: 23428881 | D33: 44897 | E33: 30 | F33: =D33+E33 -> 44927 | G33: =$A$3-F33 -> -1 | H33: =B33 -> 23428881
B34: 22953512 | D34: 44897 | E34: 30 | F34: =D34+E34 -> 44927 | G34: =$A$3-F34 -> -1 | H34: =B34 -> 22953512
B35: 5059990 | D35: 44897 | E35: 30 | F35: =D35+E35 -> 44927 | G35: =$A$3-F35 -> -1 | H35: =B35 -> 5059990
B36: 14994990 | D36: 44897 | E36: 30 | F36: =D36+E36 -> 44927 | G36: =$A$3-F36 -> -1 | H36: =B36 -> 14994990
B37: 30910725 | D37: 44893 | E37: 30 | F37: =D37+E37 -> 44923 | G37: =$A$3-F37 -> 3 | I37: =B37 -> 30910725
B38: 20616038 | D38: 44896 | E38: 30 | F38: =D38+E38 -> 44926 | G38: =$A$3-F38 -> 0 | H38: =B38 -> 20616038
B39: 21045600 | D39: 44893 | E39: 30 | F39: =D39+E39 -> 44923 | G39: =$A$3-F39 -> 3 | I39: =B39 -> 21045600
B40: 704894 | D40: 44893 | E40: 30 | F40: =D40+E40 -> 44923 | G40: =$A$3-F40 -> 3 | I40: =B40 -> 704894
B41: 1973025 | D41: 44914 | E41: 30 | F41: =D41+E41 -> 44944 | G41: =$A$3-F41 -> -18 | H41: =B41 -> 1973025
B42: 1183815 | D42: 44914 | E42: 30 | F42: =D42+E42 -> 44944 | G42: =$A$3-F42 -> -18 | H42: =B42 -> 1183815
B43: 12715050 | D43: 44914 | E43: 30 | F43: =D43+E43 -> 44944 | G43: =$A$3-F43 -> -18 | H43: =B43 -> 12715050
B44: 14748237 | D44: 44914 | E44: 30 | F44: =D44+E44 -> 44944 | G44: =$A$3-F44 -> -18 | H44: =B44 -> 14748237
B45: 6313680 | D45: 44901 | E45: 30 | F45: =D45+E45 -> 44931 | G45: =$A$3-F45 -> -5 | H45: =B45 -> 6313680
B46: 3946050 | D46: 44901 | E46: 30 | F46: =D46+E46 -> 44931 | G46: =$A$3-F46 -> -5 | H46: =B46 -> 3946050
B47: 13693959 | D47: 44901 | E47: 30 | F47: =D47+E47 -> 44931 | G47: =$A$3-F47 -> -5 | H47: =B47 -> 13693959
B48: 631010 | D48: 44901 | E48: 30 | F48: =D48+E48 -> 44931 | G48: =$A$3-F48 -> -5 | H48: =B48 -> 631010
A49: KARYA EKATAMA, PT | B49: 80554032 | D49: 44859 | E49: 30 | F49: =D49+E49 -> 44889 | G49: =$A$3-F49 -> 37 | J49: =B49 -> 80554032
A50: Lima Pendawa, CV | B50: 11100000 | D50: 44872 | E50: 30 | F50: =D50+E50 -> 44902 | G50: =$A$3-F50 -> 24 | I50: =B50 -> 11100000
B51: 22200000 | D51: 44872 | E51: 30 | F51: =D51+E51 -> 44902 | G51: =$A$3-F51 -> 24 | I51: =B51 -> 22200000
A52: R&B FOOD SUPPLY CO, LTD, | B52: 194250000 | D52: 44886 | E52: 30 | F52: =D52+E52 -> 44916 | G52: =$A$3-F52 -> 10 | I52: =B52 -> 194250000
B53: 194250000 | D53: 44903 | E53: 30 | F53: =D53+E53 -> 44933 | G53: =$A$3-F53 -> -7 | H53: =B53 -> 194250000
A54: Samara Cipta Solution, CV | B54: 78255000 | D54: 44907 | E54: 30 | F54: =D54+E54 -> 44937 | G54: =$A$3-F54 -> -11 | H54: =B54 -> 78255000
B55: 64380000 | D55: 44916 | E55: 30 | F55: =D55+E55 -> 44946 | G55: =$A$3-F55 -> -20 | H55: =B55 -> 64380000
B56: 106225834 | D56: 44907 | E56: 30 | F56: =D56+E56 -> 44937 | G56: =$A$3-F56 -> -11 | H56: =B56 -> 106225834
B57: 78255000 | D57: 44907 | E57: 30 | F57: =D57+E57 -> 44937 | G57: =$A$3-F57 -> -11 | H57: =B57 -> 78255000
B58: 78255000 | D58: 44907 | E58: 30 | F58: =D58+E58 -> 44937 | G58: =$A$3-F58 -> -11 | H58: =B58 -> 78255000
B59: 54945000 | D59: 44907 | E59: 30 | F59: =D59+E59 -> 44937 | G59: =$A$3-F59 -> -11 | H59: =B59 -> 54945000
A60: Seven Mountain Internasional, PT | B60: 19517130 | D60: 44900 | E60: 30 | F60: =D60+E60 -> 44930 | G60: =$A$3-F60 -> -4 | H60: =B60 -> 19517130
A61: Sinar Panca Surya, PT | B61: 25646330 | D61: 44907 | E61: 30 | F61: =D61+E61 -> 44937 | G61: =$A$3-F61 -> -11 | H61: =B61 -> 25646330
B62: 25074900 | D62: 44909 | E62: 30 | F62: =D62+E62 -> 44939 | G62: =$A$3-F62 -> -13 | H62: =B62 -> 25074900
B63: 48451500 | D63: 44909 | E63: 30 | F63: =D63+E63 -> 44939 | G63: =$A$3-F63 -> -13 | H63: =B63 -> 48451500
B64: 41658300 | D64: 44916 | E64: 30 | F64: =D64+E64 -> 44946 | G64: =$A$3-F64 -> -20 | H64: =B64 -> 41658300
A65: Sinar Setia Mulia , PT | B65: 44640000 | D65: 44915 | E65: 30 | F65: =D65+E65 -> 44945 | G65: =$A$3-F65 -> -19 | H65: =B65 -> 44640000
A66: Sinergy Indopack Makmur, PT | B66: 23976000 | D66: 44897 | E66: 30 | F66: =D66+E66 -> 44927 | G66: =$A$3-F66 -> -1 | H66: =B66 -> 23976000
B67: 23976000 | D67: 44897 | E67: 30 | F67: =D67+E67 -> 44927 | G67: =$A$3-F67 -> -1 | H67: =B67 -> 23976000
A68: CJ Cheiljedang Feed Lampung, PT | B68: 81650000 | D68: 44897 | E68: 30 | F68: =D68+E68 -> 44927 | G68: =$A$3-F68 -> -1 | H68: =B68 -> 81650000
B69: 63600000 | D69: 44902 | E69: 30 | F69: =D69+E69 -> 44932 | G69: =$A$3-F69 -> -6 | H69: =B69 -> 63600000
B70: 47700000 | D70: 44897 | E70: 30 | F70: =D70+E70 -> 44927 | G70: =$A$3-F70 -> -1 | H70: =B70 -> 47700000
B71: 113400000 | D71: 44907 | E71: 30 | F71: =D71+E71 -> 44937 | G71: =$A$3-F71 -> -11 | H71: =B71 -> 113400000
B72: 87850000 | D72: 44924 | E72: 30 | F72: =D72+E72 -> 44954 | G72: =$A$3-F72 -> -28 | H72: =B72 -> 87850000
A73: Indo Surya Cemerlang, CV | B73: 6190000 | D73: 44797 | E73: 30 | F73: =D73+E73 -> 44827 | G73: =$A$3-F73 -> 99 | L73: =B73 -> 6190000
A74: Jodabo Sukses, PT | B74: 8072727 | D74: 44901 | E74: 30 | F74: =D74+E74 -> 44931 | G74: =$A$3-F74 -> -5 | H74: =B74 -> 8072727
B75: 11435000 | D75: 44921 | E75: 30 | F75: =D75+E75 -> 44951 | G75: =$A$3-F75 -> -25 | H75: =B75 -> 11435000
B76: =759090*0 -> 0 | D76: 44921 | E76: 30 | F76: =D76+E76 -> 44951 | G76: =$A$3-F76 -> -25 | H76: =B76 -> 0 | M76: Adj Hapus Hutang
A77: Nusantara, Toko | B77: 865000 | D77: 44866 | E77: 30 | F77: =D77+E77 -> 44896 | G77: =$A$3-F77 -> 30 | I77: =B77 -> 865000
B78: 590000 | D78: 44847 | E78: 30 | F78: =D78+E78 -> 44877 | G78: =$A$3-F78 -> 49 | J78: =B78 -> 590000
B79: 320000 | D79: 44837 | E79: 30 | F79: =D79+E79 -> 44867 | G79: =$A$3-F79 -> 59 | J79: =B79 -> 320000
B80: 1300000 | D80: 44881 | E80: 30 | F80: =D80+E80 -> 44911 | G80: =$A$3-F80 -> 15 | I80: =B80 -> 1300000
B81: 500000 | D81: 44916 | E81: 30 | F81: =D81+E81 -> 44946 | G81: =$A$3-F81 -> -20 | H81: =B81 -> 500000
B82: 1600000 | D82: 44830 | E82: 30 | F82: =D82+E82 -> 44860 | G82: =$A$3-F82 -> 66 | K82: =B82 -> 1600000
B83: 405000 | D83: 44893 | E83: 30 | F83: =D83+E83 -> 44923 | G83: =$A$3-F83 -> 3 | I83: =B83 -> 405000
B84: 900000 | D84: 44916 | E84: 30 | F84: =D84+E84 -> 44946 | G84: =$A$3-F84 -> -20 | H84: =B84 -> 900000
A85: Newhope Aqua Feed Indonesia, PT | B85: 33495000 | D85: 44820 | E85: 30 | F85: =D85+E85 -> 44850 | G85: =$A$3-F85 -> 76 | K85: =B85 -> 33495000
B86: 61600000 | D86: 44825 | E86: 30 | F86: =D86+E86 -> 44855 | G86: =$A$3-F86 -> 71 | K86: =B86 -> 61600000
B87: 30800000 | D87: 44825 | E87: 30 | F87: =D87+E87 -> 44855 | G87: =$A$3-F87 -> 71 | K87: =B87 -> 30800000
B88: 26860000 | D88: 44845 | E88: 30 | F88: =D88+E88 -> 44875 | G88: =$A$3-F88 -> 51 | J88: =B88 -> 26860000
B89: 46200000 | D89: 44801 | E89: 30 | F89: =D89+E89 -> 44831 | G89: =$A$3-F89 -> 95 | L89: =B89 -> 46200000
B90: 19860000 | D90: 44820 | E90: 30 | F90: =D90+E90 -> 44850 | G90: =$A$3-F90 -> 76 | K90: =B90 -> 19860000
B91: 13700000 | D91: 44820 | E91: 30 | F91: =D91+E91 -> 44850 | G91: =$A$3-F91 -> 76 | K91: =B91 -> 13700000
B92: 30800000 | D92: 44820 | E92: 30 | F92: =D92+E92 -> 44850 | G92: =$A$3-F92 -> 76 | K92: =B92 -> 30800000
B93: 27400000 | D93: 44820 | E93: 30 | F93: =D93+E93 -> 44850 | G93: =$A$3-F93 -> 76 | K93: =B93 -> 27400000
B94: 22985000 | D94: 44820 | E94: 30 | F94: =D94+E94 -> 44850 | G94: =$A$3-F94 -> 76 | K94: =B94 -> 22985000
B95: 21400000 | D95: 44823 | E95: 30 | F95: =D95+E95 -> 44853 | G95: =$A$3-F95 -> 73 | K95: =B95 -> 21400000
B96: 20550000 | D96: 44825 | E96: 30 | F96: =D96+E96 -> 44855 | G96: =$A$3-F96 -> 71 | K96: =B96 -> 20550000
B97: 54457500 | D97: 44775 | E97: 30 | F97: =D97+E97 -> 44805 | G97: =$A$3-F97 -> 121 | L97: =B97 -> 54457500
B98: 32340000 | D98: 44825 | E98: 30 | F98: =D98+E98 -> 44855 | G98: =$A$3-F98 -> 71 | K98: =B98 -> 32340000
B99: 30800000 | D99: 44825 | E99: 30 | F99: =D99+E99 -> 44855 | G99: =$A$3-F99 -> 71 | K99: =B99 -> 30800000
B100: 26950000 | D100: 44922 | E100: 30 | F100: =D100+E100 -> 44952 | G100: =$A$3-F100 -> -26 | H100: =B100 -> 26950000
B101: 25002500 | D101: 44775 | E101: 30 | F101: =D101+E101 -> 44805 | G101: =$A$3-F101 -> 121 | L101: =B101 -> 25002500
B102: 15400000 | D102: 44825 | E102: 30 | F102: =D102+E102 -> 44855 | G102: =$A$3-F102 -> 71 | K102: =B102 -> 15400000
B103: 43505000 | D103: 44922 | E103: 30 | F103: =D103+E103 -> 44952 | G103: =$A$3-F103 -> -26 | H103: =B103 -> 43505000
B104: 13700000 | D104: 44826 | E104: 30 | F104: =D104+E104 -> 44856 | G104: =$A$3-F104 -> 70 | K104: =B104 -> 13700000
B105: 10010000 | D105: 44922 | E105: 30 | F105: =D105+E105 -> 44952 | G105: =$A$3-F105 -> -26 | H105: =B105 -> 10010000
...

Sheet Piutang Usaha 2021
A1: Aging Piutang Usaha & Subsequent
A2: PT Indokom Samudra Persada
A3: 44561
C5: Invoice | G5: AGING
A6: Nama | B6: Nominal | C6: No | D6: Tanggal | E6: Jatuh Tempo | F6: Tanggal Jatuh Tempo | G6: Aging | H6: Lancar | I6: 1-30 Hari | J6: 31-60 Hari | K6: 61-90 Hari | L6: > 90 Hari
A7: Easternfish Company | B7: 3548129540 | C7: 066/ISP - EXP | D7: 44561 | E7: 60 | F7: =D7+E7 -> 44621 | G7: =$A$3-F7 -> -60 | H7: =B7 -> 3548129540
A8: Great American Seafoods Imports Co. | B8: 1989098600 | C8: 064/ISP - EXP | D8: 44558 | E8: 60 | F8: =D8+E8 -> 44618 | G8: =$A$3-F8 -> -57 | H8: =B8 -> 1989098600
A9: Honsui Corporation | B9: 2179230314 | C9: 065/ISP - EXP | D9: 44561 | E9: 60 | F9: =D9+E9 -> 44621 | G9: =$A$3-F9 -> -60 | H9: =B9 -> 2179230314
A10: Censea Inc. | B10: 1844994876 | D10: 44537 | E10: 60 | F10: =D10+E10 -> 44597 | G10: =$A$3-F10 -> -36 | H10: =B10 -> 1844994876
A11: Censea Inc. | B11: 2498644590 | C11: 063/ISP - EXP | D11: 44554 | E11: 60 | F11: =D11+E11 -> 44614 | G11: =$A$3-F11 -> -53 | H11: =B11 -> 2498644590
A12: Censea Inc. | B12: 2425730000 | C12: 067/ISP - EXP | D12: 44561 | E12: 60 | F12: =D12+E12 -> 44621 | G12: =$A$3-F12 -> -60 | H12: =B12 -> 2425730000
A13: Kyokuyo Co,, Ltd | B13: 1330066570 | C13: 067/ISP - EXP | D13: 44561 | E13: 60 | F13: =D13+E13 -> 44621 | G13: =$A$3-F13 -> -60 | H13: =B13 -> 1330066570
A15: PT Maju Tambak Sumur Es | B15: 1850000 | D15: 44539 | E15: 30 | F15: =D15+E15 -> 44569 | G15: =$A$3-F15 -> -8 | H15: =B15 -> 1850000
A16: PT Maju Tambak Sumur Es | B16: 1850000 | D16: 44547 | E16: 30 | F16: =D16+E16 -> 44577 | G16: =$A$3-F16 -> -16 | H16: =B16 -> 1850000
A17: PT Maju Tambak Sumur Es | B17: 1850000 | D17: 44551 | E17: 30 | F17: =D17+E17 -> 44581 | G17: =$A$3-F17 -> -20 | H17: =B17 -> 1850000
A18: PT Maju Tambak Sumur Es | B18: 3330000 | D18: 44551 | E18: 30 | F18: =D18+E18 -> 44581 | G18: =$A$3-F18 -> -20 | H18: =B18 -> 3330000
A19: PT Maju Tambak Sumur Es | B19: 1480000 | D19: 44553 | E19: 30 | F19: =D19+E19 -> 44583 | G19: =$A$3-F19 -> -22 | H19: =B19 -> 1480000
A20: PT Maju Tambak Sumur Es | B20: 1480000 | D20: 44556 | E20: 30 | F20: =D20+E20 -> 44586 | G20: =$A$3-F20 -> -25 | H20: =B20 -> 1480000
A21: Bapak Iwan-Es | B21: 36235000 | D21: 44546 | E21: 30 | F21: =D21+E21 -> 44576 | G21: =$A$3-F21 -> -15 | H21: =B21 -> 36235000
A23: Dedi Es | B23: =360000-38 -> 359962 | D23: 44561 | E23: 30 | F23: =D23+E23 -> 44591 | G23: =$A$3-F23 -> -30 | H23: =B23 -> 359962
A24: Gunawan Es | B24: 1480000 | D24: 44560 | E24: 30 | F24: =D24+E24 -> 44590 | G24: =$A$3-F24 -> -29 | H24: =B24 -> 1480000
A25: Hilman Es | B25: 370000 | D25: 44561 | E25: 30 | F25: =D25+E25 -> 44591 | G25: =$A$3-F25 -> -30 | H25: =B25 -> 370000
A26: PT, Disanta ES | B26: 9990000 | D26: 44537 | E26: 30 | F26: =D26+E26 -> 44567 | G26: =$A$3-F26 -> -6 | H26: =B26 -> 9990000
A27: PT, Keong Nusantara Abadi, ES | B27: 2160000 | D27: 44560 | E27: 30 | F27: =D27+E27 -> 44590 | G27: =$A$3-F27 -> -29 | H27: =B27 -> 2160000
A28: Sumiran Es | B28: 740000 | D28: 44560 | E28: 30 | F28: =D28+E28 -> 44590 | G28: =$A$3-F28 -> -29 | H28: =B28 -> 740000
