Workbook
Name \m: #REF!
Name \u: #REF!
Name ____ALZ1: #REF!
Name ____CSO58: #REF!
Name ____CSO80: #REF!
Name ____KM2: #REF!
Name ____MAC1: #REF!
Name ____MAC2: #REF!
Name ____tmi93: #REF!
Name ___ALZ1: #REF!
Name ___CSO58: #REF!
Name ___CSO80: #REF!
Name ___KM2: #REF!
Name ___MAC1: #REF!
Name ___MAC2: #REF!
Name ___tmi93: #REF!
Name __ALZ1: #REF!
Name __CSO58: #REF!
Name __CSO80: #REF!
Name __KM2: #REF!
Name __kmt1: [1]KmtNaik!$A$5:$L$115
Name __MAC1: #REF!
Name __MAC2: #REF!
Name __tmi93: #REF!
Name _ALZ1: #REF!
Name _CSO58: #REF!
Name _CSO80: #REF!
Name _KM2: #REF!
Name _kmt1: #REF!
Name _kmt2: #REF!
Name _MAC1: #REF!
Name _MAC2: #REF!
Name _NTREST: [4]TARIP!$B$3:$C$63
Name _TGL1: #REF!
Name _TGL2: #REF!
Name _tmi93: #REF!
Name _wl1: #REF!
Name a: #REF!
Name AL: #REF!
Name ALAMAT: #REF!
Name alfa: #REF!
Name ALNT: #REF!
Name ALP: #REF!
Name ALPCV: #REF!
Name ALPZ: #REF!
Name ALZ: #REF!
Name ALZT: #REF!
Name AN: #REF!
Name ANCER: #REF!
Name ANT: #REF!
Name ANW: #REF!
Name AT: #REF!
Name AX: #REF!
Name B: #REF!
Name BA: #REF!
Name BE: #REF!
Name beta: #REF!
Name BILANG: [5]RUMUS!$A$1:$B$1000
Name Blok: #REF!
Name BT: #REF!

Sheet CKPN_23_22, 21 & 20-Adj MGN
A4: Client | B4: : PT INDO AMERICAN SEAFOODS | K4: Prepared by | L4: : | M4: Date | N4: :
A5: Period | B5: : 2022, 2021 & 2020 | K5: Reviewed by | L5: : | M5: Date | N5: :
A6: Account | B6: : Piutang Usaha
A7: Index | B7: : PSAK 71 - Cadangan Kerugian Penurunan Nilai
B9: PIUTANG IAS (belum jatuh tempo) | D9: 0 | H9: Total CKPN per 31 Desember 2023 | K9: =E15+E25+E34+E43 -> 1.1930406e+08
B10: Suku bunga ORI | E10: 0.061
B11: Suku bunga per hari | E11: =E10/360 -> 0.00016944444 | H11: Catatan :
B12: Jatuh Tempo | E12: 10 | H12: *) Dasar suku bunga
B13: PVIF | E13: =1/(1+E11)^10 -> 0.99830713
B14: Nilai sekarang dari piutang | E14: =D9*E13 -> 0 | H14: Selisih | K14: =K9-K50 -> -2.5981613e+08
B15: ECL | E15: =D9-E14 -> 0
B19: PIUTANG IAS ( Jatuh tempo 30 hari) | D19: ='Aging IAS 23-20-Adj MGN-SQS'!D23 -> 4.6908335e+09
B20: Suku bunga ORI | E20: =E10 -> 0.061
B21: =B11 -> Suku bunga per hari | E21: =E20/360 -> 0.00016944444
B22: =B12 -> Jatuh Tempo | E22: 30
B23: PVIF | E23: =1/(1+E21)^30 -> 0.99492999
B24: Nilai sekarang dari piutang | E24: =D19*E23 -> 4.6670509e+09
B25: ECL | E25: =D19-E24 -> 23782557
B28: PIUTANG IAS ( Jatuh tempo 60 hari) | D28: ='Aging IAS 23-20-Adj MGN-SQS'!E23 -> 9.128416e+09
B29: Suku bunga ORI | E29: =E20 -> 0.061
B30: =B21 -> Suku bunga per hari | E30: =E29/360 -> 0.00016944444
B31: =B12 -> Jatuh Tempo | E31: 60
B32: PVIF | E32: =1/(1+E30)^60 -> 0.98988569
B33: Nilai sekarang dari piutang | E33: =D28*E32 -> 9.0360884e+09
B34: ECL | E34: =D28-E33 -> 92327614
B37: PIUTANG IAS ( Jatuh tempo 90 hari) | D37: ='Aging IAS 23-20-Adj MGN-SQS'!F23+'Aging IAS 23-20-Adj MGN-SQS'!G23 -> 211054410
B38: Suku bunga ORI | E38: =E20 -> 0.061
B39: =B11 -> Suku bunga per hari | E39: =E38/360 -> 0.00016944444
B40: =B31 -> Jatuh Tempo | E40: 90
B41: PVIF | E41: =1/(1+E39)^90 -> 0.98486696
B42: Nilai sekarang dari piutang | E42: =D37*E41 -> 2.0786052e+08
B43: ECL | E43: =D37-E42 -> 3193893.8
D44: =SUM(D9:D43) -> 1.4030304e+10
B50: PIUTANG IAS (belum jatuh tempo) | D50: 0 | H50: Total CKPN per 31 Desember 2022 | K50: =E56+E66+E75+E84 -> 3.7912019e+08
B51: Suku bunga ORI | E51: 0.0595
B52: Suku bunga per hari | E52: =E51/360 -> 0.00016527778 | H52: Catatan :
B53: Jatuh Tempo | E53: 10 | H53: *) Dasar suku bunga sebesar diambil 9% diambil dari suku bunga pinjaman
B54: PVIF | E54: =1/(1+E52)^10 -> 0.99834872
B55: Nilai sekarang dari piutang | E55: =D50*E54 -> 0 | H55: Selisih | K55: =K50-K89 -> 1.5142772e+08
B56: ECL | E56: =D50-E55 -> 0
B60: PIUTANG IAS ( Jatuh tempo 30 hari) | D60: ='Aging IAS 22, 21 & 20-Adj MGN'!D40 -> 4266748287
B61: Suku bunga ORI | E61: =E51 -> 0.0595
B62: =B52 -> Suku bunga per hari | E62: =E61/360 -> 0.00016527778
B63: =B53 -> Jatuh Tempo | E63: 30
B64: PVIF | E64: =1/(1+E62)^30 -> 0.99505435
B65: Nilai sekarang dari piutang | E65: =D60*E64 -> 4.2456464e+09
B66: ECL | E66: =D60-E65 -> 21101858
B69: PIUTANG IAS ( Jatuh tempo 60 hari) | D69: ='Aging IAS 22, 21 & 20-Adj MGN'!E40 -> 24330178109
B70: Suku bunga ORI | E70: =E61 -> 0.0595
B71: =B62 -> Suku bunga per hari | E71: =E70/360 -> 0.00016527778
B72: =B53 -> Jatuh Tempo | E72: 60
B73: PVIF | E73: =1/(1+E71)^60 -> 0.99013315
B74: Nilai sekarang dari piutang | E74: =D69*E73 -> 2.4090116e+10
B75: ECL | E75: =D69-E74 -> 2.4006215e+08
B78: PIUTANG IAS ( Jatuh tempo 90 hari) | D78: ='Aging IAS 22, 21 & 20-Adj MGN'!G40+'Aging IAS 22, 21 & 20-Adj MGN'!F40 -> 7.9896068e+09
B79: Suku bunga ORI | E79: =E61 -> 0.0595
B80: =B52 -> Suku bunga per hari | E80: =E79/360 -> 0.00016527778
B81: =B72 -> Jatuh Tempo | E81: 90
B82: PVIF | E82: =1/(1+E80)^90 -> 0.9852363
B83: Nilai sekarang dari piutang | E83: =D78*E82 -> 7.8716506e+09
B84: ECL | E84: =D78-E83 -> 1.1795618e+08
D85: =SUM(D50:D84) -> 3.6586533e+10
B89: PIUTANG IAS (belum jatuh tempo) | D89: ='Aging IAS 22, 21 & 20'!C48 -> 0 | H89: Total CKPN per 31 Desember 2021 | K89: =E95+E105+E114+E123 -> 2.2769247e+08
B90: Suku bunga ORI | E90: 0.049
B91: Suku bunga per hari | E91: =E90/360 -> 0.00013611111 | H91: Catatan :
B92: Jatuh Tempo | E92: 10 | H92: *) Dasar suku bunga sebesar diambil 9% diambil dari suku bunga pinjaman
B93: PVIF | E93: =1/(1+E91)^10 -> 0.99863991
B94: Nilai sekarang dari piutang | E94: =D89*E93 -> 0 | H94: Selisih | K94: =K89-K128 -> 46782372
B95: ECL | E95: =D89-E94 -> 0
B99: PIUTANG IAS ( Jatuh tempo 30 hari) | D99: ='Aging IAS 22, 21 & 20-Adj MGN'!D77 -> 6956310186
B100: Suku bunga ORI | E100: =E90 -> 0.049
B101: =B91 -> Suku bunga per hari | E101: =E100/360 -> 0.00013611111
B102: =B92 -> Jatuh Tempo | E102: 30
B103: PVIF | E103: =1/(1+E101)^30 -> 0.99592527
B104: Nilai sekarang dari piutang | E104: =D99*E103 -> 6.9279651e+09
B105: ECL | E105: =D99-E104 -> 28345094
B108: PIUTANG IAS ( Jatuh tempo 60 hari) | D108: ='Aging IAS 22, 21 & 20-Adj MGN'!E77 -> 6242735480
B109: Suku bunga ORI | E109: =E100 -> 0.049
B110: =B101 -> Suku bunga per hari | E110: =E109/360 -> 0.00013611111
B111: =B92 -> Jatuh Tempo | E111: 60
B112: PVIF | E112: =1/(1+E110)^60 -> 0.99186714
B113: Nilai sekarang dari piutang | E113: =D108*E112 -> 6.1919642e+09
B114: ECL | E114: =D108-E113 -> 50771286
B117: PIUTANG IAS ( Jatuh tempo 90 hari) | D117: ='Aging IAS 22, 21 & 20-Adj MGN'!G77+'Aging IAS 22, 21 & 20-Adj MGN'!F77 -> 12203925519
B118: Suku bunga ORI | E118: =E100 -> 0.049
B119: =B91 -> Suku bunga per hari | E119: =E118/360 -> 0.00013611111
B120: =B111 -> Jatuh Tempo | E120: 90
B121: PVIF | E121: =1/(1+E119)^90 -> 0.98782555
B122: Nilai sekarang dari piutang | E122: =D117*E121 -> 1.2055349e+10
B123: ECL | E123: =D117-E122 -> 1.4857609e+08
D124: =SUM(D89:D123) -> 25402971185
B128: PIUTANG IAS (belum jatuh tempo) | D128: ='Aging IAS 22, 21 & 20'!C83 -> 0 | H128: Total CKPN per 31 Desember 2020 | K128: =E134+E144+E153+E162 -> 1.809101e+08
B129: Suku bunga BCA | E129: 0.057
B130: Suku bunga per hari | E130: =E129/360 -> 0.00015833333 | H130: Catatan :
B131: Jatuh Tempo | E131: 10 | H131: *) Dasar suku bunga sebesar diambil 9% diambil dari suku bunga pinjaman
B132: PVIF | E132: =1/(1+E130)^10 -> 0.99841804
B133: Nilai sekarang dari piutang | E133: =D128*E132 -> 0
B134: ECL | E134: =D128-E133 -> 0
B138: PIUTANG IAS ( Jatuh tempo 30 hari) | D138: ='Aging IAS 22, 21 & 20-Adj MGN'!D109 -> 2782239152
B139: Suku bunga BCA | E139: =E129 -> 0.057
...

Sheet Aging IAS 23-20-Adj MGN-SQS
A1: PT INDO AMERICAN SEAFOODS
A3: UMUR PIUTANG PER 31 Desember 2023
A5: NAMA PELANGGAN | B5: PIUTANG | C5: BELUM JATUH TEMPO | D5: SUDAH JATUH TEMPO
D6: < 30 HARI | E6: < 60 HARI | F6: < 90 HARI | G6: > 90 HARI
A8: Piutang Expor
A9: Censea Inc | B9: 8.0624293e+09 | D9: =B9-E9 -> 5.9585802e+08 | E9: =B9*I13 -> 7.4665712e+09 | H9: porsi 2022
A10: Eastern Fish Company LLC | B10: 1.6618448e+09 | E10: =B10 -> 1.6618448e+09 | H10: 23090276420
A11: Eiger Co Ltd | B11: 5.5005059e+08 | D11: =B11 -> 5.5005059e+08 | H11: 21383777540
A12: San Sugar Co Ltd | B12: 2.0288998e+09 | D12: =B12 -> 2.0288998e+09 | H12: 1706498880
A13: Yachiyo Corporation | B13: 6.2427092e+08 | D13: =B13 -> 6.2427092e+08 | I13: =H11/H10 -> 0.92609448
A14: Hohsui Corporation | B14: 8.90274e+08 | D14: =B14 -> 8.90274e+08 | I14: =H12/H10 -> 0.07390552
A16: Piutang Lokal | B16: =SUM(C16:G16) -> 0
A17: CV Kanian Persada | B17: 211054410 | G17: =B17 -> 211054410
A18: Piutang Karyawan | B18: 1480185 | D18: =B18 -> 1480185
B19: =SUM(C19:G19) -> 0
A20: Piutang Afiliasi | B20: =SUM(C20:G20) -> 0
A21: Indokom Samudra Persada, PT
A23: JUMLAH | B23: =SUM(B9:B21) -> 1.4030304e+10 | C23: =SUM(C7:C22) -> 0 | D23: =SUM(D9:D21) -> 4.6908335e+09 | E23: =SUM(E9:E21) -> 9.128416e+09 | F23: =SUM(F9:F21) -> 0 | G23: =SUM(G9:G21) -> 211054410
A27: UMUR PIUTANG PER 31 Desember 2022
A29: NAMA PELANGGAN | B29: PIUTANG | C29: BELUM JATUH TEMPO | D29: SUDAH JATUH TEMPO
D30: < 30 HARI | E30: < 60 HARI | F30: < 90 HARI | G30: > 90 HARI
A32: Piutang Expor
A33: Alpha Trading Co Ltd | B33: =SUM(C33:G33) -> 1154639669 | E33: 1154639669
A34: Censea Inc | B34: =SUM(C34:G34) -> 1839819105 | E34: 1839819105
A35: Censea Inc | B35: =SUM(C35:G35) -> 1925474400 | E35: 1925474400
A36: Censea Inc | B36: =SUM(C36:G36) -> 1741421700 | E36: 1741421700
A37: Censea Inc | B37: =SUM(C37:G37) -> 2107954000 | E37: 2107954000
A38: Censea Inc | B38: =SUM(C38:G38) -> 1679834835 | E38: 1679834835
A39: Censea Inc | B39: =SUM(C39:G39) -> 1524333900 | E39: 1524333900
A40: Censea Inc | B40: =SUM(C40:G40) -> 1706498880 | D40: 1706498880
A41: Censea Inc | B41: =SUM(C41:G41) -> 1816930500 | E41: 1816930500
A42: Censea Inc | B42: =SUM(C42:G42) -> 1756051530 | E42: 1756051530
A43: Censea Inc | B43: =SUM(C43:G43) -> 2032445200 | E43: 2032445200
A44: Censea Inc | B44: =SUM(C44:G44) -> 1679834835 | E44: 1679834835
A45: Censea Inc | B45: =SUM(C45:G45) -> 1599842700 | E45: 1599842700
A46: Censea Inc | B46: =SUM(C46:G46) -> 1679834835 | E46: 1679834835
A47: Eastern Fish Company LLc | B47: =SUM(C47:G47) -> 2075233520 | F47: 2075233520
A48: Eastern Fish Company LLc | B48: =SUM(C48:G48) -> 1791760900 | E48: 1791760900
A49: Eastern Fish Company LLc | B49: =SUM(C49:G49) -> 1791760900 | G49: 1791760900
A50: Eiger Co Ltd | B50: =SUM(C50:G50) -> 1469275400 | D50: 1469275400
A51: Export Packer Co Ltd | B51: =SUM(C51:G51) -> 3.9848212e+08 | G51: 3.9848212e+08
A52: San Sugar Co Ltd | B52: =SUM(C52:G52) -> 1060584020 | D52: 1060584020
A53: Slade Gorton Inc | B53: =SUM(C53:G53) -> 1678812320 | F53: 1678812320
B54: =SUM(C54:G54) -> 0
A55: Piutang Lokal | B55: =SUM(C55:G55) -> 0
A56: CV Kanian Persada | B56: =SUM(C56:G56) -> 338402918 | G56: 338402918
A57: UD, Slamet | B57: =SUM(C57:G57) -> 30389987 | D57: 30389987
A58: Roda Jaya, Toko | B58: =SUM(C58:G58) -> 0
B59: =SUM(C59:G59) -> 0
A60: Piutang Afiliasi | B60: =SUM(C60:G60) -> 0
A61: Indokom Samudra Persada, PT | B61: =SUM(C61:G61) -> 0 | D61: =1657162809*0 -> 0 | E61: =390900541*0 -> 0 | F61: =2559816275*0 -> 0 | G61: =10819146361.4*0 -> 0
A62: Irian Marine Product Development , PT | B62: =SUM(C62:G62) -> 1706915034 | G62: =3126475129-G67 -> 1706915034
B63: =SUM(C63:G63) -> 0
A64: JUMLAH | B64: =SUM(B31:B63) -> 3.6586533e+10 | C64: =SUM(C31:C63) -> 0 | D64: =SUM(D31:D63) -> 4266748287 | E64: =SUM(E31:E63) -> 24330178109 | F64: =SUM(F31:F63) -> 3754045840 | G64: =SUM(G31:G63) -> 4.235561e+09
G66: Note Irian Marin (Adj)
G67: 1419560095
A68: UMUR PIUTANG PER 31 Desember 2021
A70: NAMA PELANGGAN | B70: PIUTANG | C70: BELUM JATUH TEMPO | D70: SUDAH JATUH TEMPO
D71: < 30 HARI | E71: < 60 HARI | F71: < 90 HARI | G71: > 90 HARI
A74: xxx | B74: =SUM(C74:G74)*0 -> 0 | C74: =15158867509*0 -> 0 | D74: =8249870095*0 -> 0 | E74: =4818141885*0 -> 0 | F74: =10489966776*0 -> 0 | G74: =137327289*0 -> 0
B75: =SUM(C75:G75) -> 0
A76: Alpha Trading Co Ltd | B76: 1095202826 | D76: 1095202826 | H76: 1657162809 | I76: 390900541 | J76: 2559816275 | K76: 1.0819146e+10
A77: AEL Seafoods Enterprises LLc | B77: 2037613200 | E77: 2037613200 | K77: 3126475129
A78: Censea Inc | B78: 2328700800 | D78: 2328700800
A79: Censea Inc | B79: 2201706700 | D79: 2201706700
A80: Censea Inc | B80: 1605262500 | E80: 1605262500
A81: Crystal Cove Seafood Corp | B81: 1414842695 | E81: 1414842695
A82: Eastern Fish Company LLc | B82: 1940584000 | F82: 1940584000
A83: Eastern Fish Company LLc | B83: 1740818000 | F83: 1740818000
A84: Eastern Fish Company LLc | B84: 1493108160 | F84: 1493108160
A85: Monarch Trading LLc | B85: 1867812100 | F85: 1867812100
A86: Monarch Trading LLc | B86: 1542764280 | F86: 1542764280
A87: Monarch Trading LLc | B87: 1867812100 | F87: 1867812100
A88: San Sugar Co Ltd | B88: 1199666175 | D88: 1199666175
A89: San Sugar Co Ltd | B89: 1175266185 | E89: 1175266185
A91: Piutang Dagang Lokal
A92: CV Kanian Persada | B92: 174395425 | G92: 174395425
A93: Jaduk Prayogi | B93: 4800000 | E93: 4800000
A94: Breaded Karyawan | B94: 4950900 | E94: 4950900
A96: Piutang Berelasi
A97: ISP | B97: =11901358695*0 -> 0 | D97: =1859965180*0 -> 0 | E97: =2629558467*0 -> 0 | F97: =3753337959*0 -> 0 | G97: =3658497088*0 -> 0
A98: Irian Marine | B98: =SUM(D98:G98) -> 1707665139 | D98: 131033685 | G98: =3126475129-G104 -> 1576631454
A101: JUMLAH | B101: =SUM(B72:B100) -> 25402971185 | C101: =SUM(C72:C100) -> 0 | D101: =SUM(D72:D100) -> 6956310186 | E101: =SUM(E72:E100) -> 6242735480 | F101: =SUM(F72:F100) -> 10452898640 | G101: =SUM(G72:G100) -> 1751026879
G103: Note Irian Marin (Adj)
G104: 1549843675
A105: UMUR PIUTANG PER 31 Desember 2020
A107: NAMA PELANGGAN | B107: PIUTANG | C107: BELUM JATUH TEMPO | D107: SUDAH JATUH TEMPO
D108: < 30 HARI | E108: < 60 HARI | F108: < 90 HARI | G108: > 90 HARI
A111: xxx | B111: =SUM(C111:G111) -> 0 | C111: =18599474052*0 -> 0 | D111: =3857822741*0 -> 0 | E111: =451735543*0 -> 0 | F111: =752732672*0 -> 0 | G111: =995252320*0 -> 0
H112: 1859965180 | I112: 2629558467 | J112: 3753337959 | K112: 3658497088
A113: Eiger Co Ltd | B113: 899899000 | D113: 899899000 | H113: 3126475129
A114: AEL Seafoods Enterprises LLc | B114: 1630538000 | E114: 1630538000
A115: AEL Seafoods Enterprises LLc | B115: 1630538000 | E115: 1630538000
A116: Censea Inc | B116: 1522634750 | D116: 1522634750
A117: Stellar Seas Import Co Ltd | B117: 1438710000 | E117: 1438710000
A118: Eastern Fish Company LLc | B118: 1483846000 | E118: 1483846000
A119: Eastern Fish Company LLc | B119: 1546613250 | E119: 1546613250
A120: Eastern Fish Company LLc | B120: 1750430500 | E120: 1750430500
A121: Eastern Fish Company LLc | B121: 2206022000 | E121: 2206022000
A122: Eastern Fish Company LLc | B122: 1873144000 | E122: 1873144000
...

Sheet Aging IAS 22, 21 & 20-Adj MGN
A1: PT INDO AMERICAN SEAFOODS
A3: UMUR PIUTANG PER 31 Desember 2022
A5: NAMA PELANGGAN | B5: PIUTANG | C5: BELUM JATUH TEMPO | D5: SUDAH JATUH TEMPO
D6: < 30 HARI | E6: < 60 HARI | F6: < 90 HARI | G6: > 90 HARI
A8: Piutang Expor
A9: Alpha Trading Co Ltd | B9: =SUM(C9:G9) -> 1154639669 | E9: 1154639669
A10: Censea Inc | B10: =SUM(C10:G10) -> 1839819105 | E10: 1839819105
A11: Censea Inc | B11: =SUM(C11:G11) -> 1925474400 | E11: 1925474400
A12: Censea Inc | B12: =SUM(C12:G12) -> 1741421700 | E12: 1741421700
A13: Censea Inc | B13: =SUM(C13:G13) -> 2107954000 | E13: 2107954000
A14: Censea Inc | B14: =SUM(C14:G14) -> 1679834835 | E14: 1679834835
A15: Censea Inc | B15: =SUM(C15:G15) -> 1524333900 | E15: 1524333900
A16: Censea Inc | B16: =SUM(C16:G16) -> 1706498880 | D16: 1706498880
A17: Censea Inc | B17: =SUM(C17:G17) -> 1816930500 | E17: 1816930500
A18: Censea Inc | B18: =SUM(C18:G18) -> 1756051530 | E18: 1756051530
A19: Censea Inc | B19: =SUM(C19:G19) -> 2032445200 | E19: 2032445200
A20: Censea Inc | B20: =SUM(C20:G20) -> 1679834835 | E20: 1679834835
A21: Censea Inc | B21: =SUM(C21:G21) -> 1599842700 | E21: 1599842700
A22: Censea Inc | B22: =SUM(C22:G22) -> 1679834835 | E22: 1679834835
A23: Eastern Fish Company LLc | B23: =SUM(C23:G23) -> 2075233520 | F23: 2075233520
A24: Eastern Fish Company LLc | B24: =SUM(C24:G24) -> 1791760900 | E24: 1791760900
A25: Eastern Fish Company LLc | B25: =SUM(C25:G25) -> 1791760900 | G25: 1791760900
A26: Eiger Co Ltd | B26: =SUM(C26:G26) -> 1469275400 | D26: 1469275400
A27: Export Packer Co Ltd | B27: =SUM(C27:G27) -> 3.9848212e+08 | G27: 3.9848212e+08
A28: San Sugar Co Ltd | B28: =SUM(C28:G28) -> 1060584020 | D28: 1060584020
A29: Slade Gorton Inc | B29: =SUM(C29:G29) -> 1678812320 | F29: 1678812320
B30: =SUM(C30:G30) -> 0
A31: Piutang Lokal | B31: =SUM(C31:G31) -> 0
A32: CV Kanian Persada | B32: =SUM(C32:G32) -> 338402918 | G32: 338402918
A33: UD, Slamet | B33: =SUM(C33:G33) -> 30389987 | D33: 30389987
A34: Roda Jaya, Toko | B34: =SUM(C34:G34) -> 0
B35: =SUM(C35:G35) -> 0
A36: Piutang Afiliasi | B36: =SUM(C36:G36) -> 0
A37: Indokom Samudra Persada, PT | B37: =SUM(C37:G37) -> 0 | D37: =1657162809*0 -> 0 | E37: =390900541*0 -> 0 | F37: =2559816275*0 -> 0 | G37: =10819146361.4*0 -> 0 | H37: 1657162809 | I37: 390900541 | J37: 2559816275 | K37: 1.0819146e+10
A38: Irian Marine Product Development , PT | B38: =SUM(C38:G38) -> 1706915034 | G38: =3126475129-G43 -> 1706915034 | K38: 3126475129
B39: =SUM(C39:G39) -> 0
A40: JUMLAH | B40: =SUM(B7:B39) -> 3.6586533e+10 | C40: =SUM(C7:C39) -> 0 | D40: =SUM(D7:D39) -> 4266748287 | E40: =SUM(E7:E39) -> 24330178109 | F40: =SUM(F7:F39) -> 3754045840 | G40: =SUM(G7:G39) -> 4.235561e+09
G42: Note Irian Marin (Adj)
G43: 1419560095
A44: UMUR PIUTANG PER 31 Desember 2021
A46: NAMA PELANGGAN | B46: PIUTANG | C46: BELUM JATUH TEMPO | D46: SUDAH JATUH TEMPO
D47: < 30 HARI | E47: < 60 HARI | F47: < 90 HARI | G47: > 90 HARI
A50: xxx | B50: =SUM(C50:G50)*0 -> 0 | C50: =15158867509*0 -> 0 | D50: =8249870095*0 -> 0 | E50: =4818141885*0 -> 0 | F50: =10489966776*0 -> 0 | G50: =137327289*0 -> 0
B51: =SUM(C51:G51) -> 0
A52: Alpha Trading Co Ltd | B52: 1095202826 | D52: 1095202826
A53: AEL Seafoods Enterprises LLc | B53: 2037613200 | E53: 2037613200
A54: Censea Inc | B54: 2328700800 | D54: 2328700800
A55: Censea Inc | B55: 2201706700 | D55: 2201706700
A56: Censea Inc | B56: 1605262500 | E56: 1605262500
A57: Crystal Cove Seafood Corp | B57: 1414842695 | E57: 1414842695
A58: Eastern Fish Company LLc | B58: 1940584000 | F58: 1940584000
A59: Eastern Fish Company LLc | B59: 1740818000 | F59: 1740818000
A60: Eastern Fish Company LLc | B60: 1493108160 | F60: 1493108160
A61: Monarch Trading LLc | B61: 1867812100 | F61: 1867812100
A62: Monarch Trading LLc | B62: 1542764280 | F62: 1542764280
A63: Monarch Trading LLc | B63: 1867812100 | F63: 1867812100
A64: San Sugar Co Ltd | B64: 1199666175 | D64: 1199666175
A65: San Sugar Co Ltd | B65: 1175266185 | E65: 1175266185
A67: Piutang Dagang Lokal
A68: CV Kanian Persada | B68: 174395425 | G68: 174395425
A69: Jaduk Prayogi | B69: 4800000 | E69: 4800000
A70: Breaded Karyawan | B70: 4950900 | E70: 4950900
A72: Piutang Berelasi
A73: ISP | B73: =11901358695*0 -> 0 | D73: =1859965180*0 -> 0 | E73: =2629558467*0 -> 0 | F73: =3753337959*0 -> 0 | G73: =3658497088*0 -> 0 | H73: 1859965180 | I73: 2629558467 | J73: 3753337959 | K73: 3658497088
A74: Irian Marine | B74: =SUM(D74:G74) -> 1707665139 | D74: 131033685 | G74: =3126475129-G80 -> 1576631454 | H74: 3126475129
A77: JUMLAH | B77: =SUM(B48:B76) -> 25402971185 | C77: =SUM(C48:C76) -> 0 | D77: =SUM(D48:D76) -> 6956310186 | E77: =SUM(E48:E76) -> 6242735480 | F77: =SUM(F48:F76) -> 10452898640 | G77: =SUM(G48:G76) -> 1751026879
G79: Note Irian Marin (Adj)
G80: 1549843675
A81: UMUR PIUTANG PER 31 Desember 2020
A83: NAMA PELANGGAN | B83: PIUTANG | C83: BELUM JATUH TEMPO | D83: SUDAH JATUH TEMPO
D84: < 30 HARI | E84: < 60 HARI | F84: < 90 HARI | G84: > 90 HARI
A87: xxx | B87: =SUM(C87:G87) -> 0 | C87: =18599474052*0 -> 0 | D87: =3857822741*0 -> 0 | E87: =451735543*0 -> 0 | F87: =752732672*0 -> 0 | G87: =995252320*0 -> 0
A89: Eiger Co Ltd | B89: 899899000 | D89: 899899000
A90: AEL Seafoods Enterprises LLc | B90: 1630538000 | E90: 1630538000
A91: AEL Seafoods Enterprises LLc | B91: 1630538000 | E91: 1630538000
A92: Censea Inc | B92: 1522634750 | D92: 1522634750
A93: Stellar Seas Import Co Ltd | B93: 1438710000 | E93: 1438710000
A94: Eastern Fish Company LLc | B94: 1483846000 | E94: 1483846000
A95: Eastern Fish Company LLc | B95: 1546613250 | E95: 1546613250
A96: Eastern Fish Company LLc | B96: 1750430500 | E96: 1750430500
A97: Eastern Fish Company LLc | B97: 2206022000 | E97: 2206022000
A98: Eastern Fish Company LLc | B98: 1873144000 | E98: 1873144000
A99: Choice Canning Company Inc | B99: 1740839100 | E99: 1740839100
A100: San Sugar Co Ltd | B100: 983400600 | E100: 983400600
A102: Piutang Dagang Lokal
A103: CV Kanian Persada | B103: =12491208+14995 -> 12506203 | E103: =B103 -> 12506203
A105: Piutang Berelasi
A106: ISP | B106: =2910493790*0 -> 0 | D106: =6682800*0 -> 0 | E106: =2903810990*0 -> 0 | H106: 6682800 | I106: 2903810990
A107: Irian Marine | B107: =SUM(D107:G107) -> 1551980912 | D107: 359705402 | E107: 684695353 | F107: =670351670-162771513 -> 507580157 | G107: =1441272804*0 -> 0
A109: JUMLAH | B109: =SUM(B85:B108) -> 20271102315 | C109: =SUM(C85:C108) -> 0 | D109: =SUM(D85:D108) -> 2782239152 | E109: =SUM(E85:E108) -> 16981283006 | F109: =SUM(F85:F108) -> 507580157 | G109: =SUM(G85:G108) -> 0
G112: Note Irian Marin (Adj)
G113: 1441272804 | H113: 1604044317 | I113: =H113-G113 -> 162771513

Sheet Suku bunga
S7: 2020
S24: 2021
S36: 2022

Sheet Aging IAS 22, 21 & 20
A1: PT INDO AMERICAN SEAFOODS
A3: UMUR PIUTANG PER 31 Desember 2022
A5: NAMA PELANGGAN | B5: PIUTANG | C5: BELUM JATUH TEMPO | D5: SUDAH JATUH TEMPO
D6: < 30 HARI | E6: < 60 HARI | F6: < 90 HARI | G6: > 90 HARI
A8: Piutang Expor
A9: Alpha Trading Co Ltd | B9: =SUM(C9:G9) -> 1154639669 | E9: 1154639669
A10: Censea Inc | B10: =SUM(C10:G10) -> 1839819105 | E10: 1839819105
A11: Censea Inc | B11: =SUM(C11:G11) -> 1925474400 | E11: 1925474400
A12: Censea Inc | B12: =SUM(C12:G12) -> 1741421700 | E12: 1741421700
A13: Censea Inc | B13: =SUM(C13:G13) -> 2107954000 | E13: 2107954000
A14: Censea Inc | B14: =SUM(C14:G14) -> 1679834835 | E14: 1679834835
A15: Censea Inc | B15: =SUM(C15:G15) -> 1524333900 | E15: 1524333900
A16: Censea Inc | B16: =SUM(C16:G16) -> 1706498880 | D16: 1706498880
A17: Censea Inc | B17: =SUM(C17:G17) -> 1816930500 | E17: 1816930500
A18: Censea Inc | B18: =SUM(C18:G18) -> 1756051530 | E18: 1756051530
A19: Censea Inc | B19: =SUM(C19:G19) -> 2032445200 | E19: 2032445200
A20: Censea Inc | B20: =SUM(C20:G20) -> 1679834835 | E20: 1679834835
A21: Censea Inc | B21: =SUM(C21:G21) -> 1599842700 | E21: 1599842700
A22: Censea Inc | B22: =SUM(C22:G22) -> 1679834835 | E22: 1679834835
A23: Eastern Fish Company LLc | B23: =SUM(C23:G23) -> 2075233520 | F23: 2075233520
A24: Eastern Fish Company LLc | B24: =SUM(C24:G24) -> 1791760900 | E24: 1791760900
A25: Eastern Fish Company LLc | B25: =SUM(C25:G25) -> 1791760900 | G25: 1791760900
A26: Eiger Co Ltd | B26: =SUM(C26:G26) -> 1469275400 | D26: 1469275400
A27: Export Packer Co Ltd | B27: =SUM(C27:G27) -> 3.9848212e+08 | G27: 3.9848212e+08
A28: San Sugar Co Ltd | B28: =SUM(C28:G28) -> 1060584020 | D28: 1060584020
A29: Slade Gorton Inc | B29: =SUM(C29:G29) -> 1678812320 | F29: 1678812320
B30: =SUM(C30:G30) -> 0
A31: Piutang Lokal | B31: =SUM(C31:G31) -> 0
A32: CV Kanian Persada | B32: =SUM(C32:G32) -> 338402918 | G32: 338402918
A33: UD, Slamet | B33: =SUM(C33:G33) -> 30389987 | D33: 30389987
A34: Roda Jaya, Toko | B34: =SUM(C34:G34) -> 0
B35: =SUM(C35:G35) -> 0
A36: Piutang Afiliasi | B36: =SUM(C36:G36) -> 0
A37: Indokom Samudra Persada, PT | B37: =SUM(C37:G37) -> 1.5427026e+10 | D37: 1657162809 | E37: 390900541 | F37: 2559816275 | G37: 1.0819146e+10
A38: Irian Marine Product Development , PT | B38: =SUM(C38:G38) -> 3126475129 | G38: 3126475129
B39: =SUM(C39:G39) -> 0
A40: JUMLAH | B40: =SUM(B7:B39) -> 5.3433119e+10 | C40: =SUM(C7:C39) -> 0 | D40: =SUM(D7:D39) -> 5923911096 | E40: =SUM(E7:E39) -> 24721078650 | F40: =SUM(F7:F39) -> 6313862115 | G40: =SUM(G7:G39) -> 1.6474267e+10
A42: UMUR PIUTANG PER 31 Desember 2021
A44: NAMA PELANGGAN | B44: PIUTANG | C44: BELUM JATUH TEMPO | D44: SUDAH JATUH TEMPO
D45: < 30 HARI | E45: < 60 HARI | F45: < 90 HARI | G45: > 90 HARI
A48: xxx | B48: =SUM(C48:G48)*0 -> 0 | C48: =15158867509*0 -> 0 | D48: =8249870095*0 -> 0 | E48: =4818141885*0 -> 0 | F48: =10489966776*0 -> 0 | G48: =137327289*0 -> 0
B49: =SUM(C49:G49) -> 0
A50: Alpha Trading Co Ltd | B50: 1095202826 | D50: 1095202826
A51: AEL Seafoods Enterprises LLc | B51: 2037613200 | E51: 2037613200
A52: Censea Inc | B52: 2328700800 | D52: 2328700800
A53: Censea Inc | B53: 2201706700 | D53: 2201706700
A54: Censea Inc | B54: 1605262500 | E54: 1605262500
A55: Crystal Cove Seafood Corp | B55: 1414842695 | E55: 1414842695
A56: Eastern Fish Company LLc | B56: 1940584000 | F56: 1940584000
A57: Eastern Fish Company LLc | B57: 1740818000 | F57: 1740818000
A58: Eastern Fish Company LLc | B58: 1493108160 | F58: 1493108160
A59: Monarch Trading LLc | B59: 1867812100 | F59: 1867812100
A60: Monarch Trading LLc | B60: 1542764280 | F60: 1542764280
A61: Monarch Trading LLc | B61: 1867812100 | F61: 1867812100
A62: San Sugar Co Ltd | B62: 1199666175 | D62: 1199666175
A63: San Sugar Co Ltd | B63: 1175266185 | E63: 1175266185
A65: Piutang Dagang Lokal
A66: CV Kanian Persada | B66: 174395425 | G66: 174395425
A67: Jaduk Prayogi | B67: 4800000 | E67: 4800000
A68: Breaded Karyawan | B68: 4950900 | E68: 4950900
A70: Piutang Berelasi
A71: ISP | B71: 11901358695 | D71: 1859965180 | E71: 2629558467 | F71: 3753337959 | G71: 3658497088
A72: Irian Marine | B72: 3257508814 | D72: 131033685 | G72: 3126475129
A75: JUMLAH | B75: =SUM(B46:B74) -> 38854173555 | C75: =SUM(C46:C74) -> 0 | D75: =SUM(D46:D74) -> 8816275366 | E75: =SUM(E46:E74) -> 8872293947 | F75: =SUM(F46:F74) -> 14206236599 | G75: =SUM(G46:G74) -> 6959367642
A77: UMUR PIUTANG PER 31 Desember 2020
A79: NAMA PELANGGAN | B79: PIUTANG | C79: BELUM JATUH TEMPO | D79: SUDAH JATUH TEMPO
D80: < 30 HARI | E80: < 60 HARI | F80: < 90 HARI | G80: > 90 HARI
A83: xxx | B83: =SUM(C83:G83) -> 0 | C83: =18599474052*0 -> 0 | D83: =3857822741*0 -> 0 | E83: =451735543*0 -> 0 | F83: =752732672*0 -> 0 | G83: =995252320*0 -> 0
A85: Eiger Co Ltd | B85: 899899000 | D85: 899899000
A86: AEL Seafoods Enterprises LLc | B86: 1630538000 | E86: 1630538000
A87: AEL Seafoods Enterprises LLc | B87: 1630538000 | E87: 1630538000
A88: Censea Inc | B88: 1522634750 | D88: 1522634750
A89: Stellar Seas Import Co Ltd | B89: 1438710000 | E89: 1438710000
A90: Eastern Fish Company LLc | B90: 1483846000 | E90: 1483846000
A91: Eastern Fish Company LLc | B91: 1546613250 | E91: 1546613250
A92: Eastern Fish Company LLc | B92: 1750430500 | E92: 1750430500
A93: Eastern Fish Company LLc | B93: 2206022000 | E93: 2206022000
A94: Eastern Fish Company LLc | B94: 1873144000 | E94: 1873144000
A95: Choice Canning Company Inc | B95: 1740839100 | E95: 1740839100
A96: San Sugar Co Ltd | B96: 983400600 | E96: 983400600
A98: Piutang Dagang Lokal
A99: CV Kanian Persada | B99: =12491208+14995 -> 12506203 | E99: =B99 -> 12506203
A101: Piutang Berelasi
A102: ISP | B102: 2910493790 | D102: 6682800 | E102: 2903810990
A103: Irian Marine | B103: 3027402135 | D103: 359705402 | E103: 684695353 | F103: 670351670 | G103: 1441272804
A105: JUMLAH | B105: =SUM(B81:B104) -> 24657017328 | C105: =SUM(C81:C104) -> 0 | D105: =SUM(D81:D104) -> 2788921952 | E105: =SUM(E81:E104) -> 19885093996 | F105: =SUM(F81:F104) -> 670351670 | G105: =SUM(G81:G104) -> 1441272804
